"Variable"	"Log Odds Ratio"	"2.5% C.I."	"97.5% C.I."	"P-value"	"Test"	"metric"	"Num_samples"	"R2"
"(Intercept)"	-0.195809274368122	-1.75309107740111	1.36147252866487	0.79016470901556	"Linear regression"	"Beta coefficient"	20	-0.337908747572006
"Sex"	0.190773845399453	-1.54605875696461	1.92760644776352	0.816126475972144	"Linear regression"	"Beta coefficient"	20	-0.337908747572006
"SCZ_PRS"	-0.271170506539118	-0.904464276132321	0.362123263054086	0.371793542193145	"Linear regression"	"Beta coefficient"	20	-0.337908747572006
"Rare_Deleterious_SNVs"	0.0356411798927808	-0.662407635975437	0.733689995760998	0.913852390371121	"Linear regression"	"Beta coefficient"	20	-0.337908747572006
"`Genes DEL`"	-0.0853025272611365	-0.646947717373475	0.476342662851202	0.748048506327441	"Linear regression"	"Beta coefficient"	20	-0.337908747572006
"`Genes DUP`"	0.19530542422671	-1.7563091466847	2.14691999513812	0.832190255012667	"Linear regression"	"Beta coefficient"	20	-0.337908747572006
"`STRs exonic`"	-0.183917592076261	-0.857092180767487	0.489256996614966	0.565153899356703	"Linear regression"	"Beta coefficient"	20	-0.337908747572006
