"Variable"	"Log Odds Ratio"	"2.5% C.I."	"97.5% C.I."	"P-value"	"Test"	"metric"	"Num_samples"	"R2"
"(Intercept)"	0.482870516359581	-0.507565475118895	1.47330650783806	0.321310052418268	"Linear regression"	"Beta coefficient"	23	0.0254711389093286
"Sex"	-0.613163216886898	-1.75144330509874	0.525116871324948	0.274465743031832	"Linear regression"	"Beta coefficient"	23	0.0254711389093286
"`DELs LOEUF<0.35`"	-0.338440963109523	-0.808392887491803	0.131510961272756	0.1486632169797	"Linear regression"	"Beta coefficient"	23	0.0254711389093286
