"Variable"	"Log Odds Ratio"	"2.5% C.I."	"97.5% C.I."	"P-value"	"Test"	"metric"	"Num_samples"	"R2"
"(Intercept)"	-0.35120689996732	-1.46672461101242	0.764310811077778	0.530026486929142	"Linear regression"	"Beta coefficient"	57	0.0791515580164502
"Sex"	0.189669979792916	-0.427624016704376	0.806963976290209	0.539935787329891	"Linear regression"	"Beta coefficient"	57	0.0791515580164502
"SCZ_PRS"	0.230514282950057	-0.00887220798521568	0.46990077388533	0.0587683079318914	"Linear regression"	"Beta coefficient"	57	0.0791515580164502
"Rare_Deleterious_SNVs_LOEUF"	0.0245429168722583	-0.228254638548599	0.277340472293116	0.846182016791011	"Linear regression"	"Beta coefficient"	57	0.0791515580164502
"`DELs LOEUF<0.35`"	0.051041906803412	-0.202987150803071	0.305070964409895	0.688243464358943	"Linear regression"	"Beta coefficient"	57	0.0791515580164502
"`DUPs LOEUF<0.35`"	0.00820385816598541	-0.223502603370056	0.239910319702026	0.94358948045647	"Linear regression"	"Beta coefficient"	57	0.0791515580164502
"`STRs exonic LOEUF<0.35`"	0.0834593708221533	-0.176584732873054	0.343503474517361	0.522111593954899	"Linear regression"	"Beta coefficient"	57	0.0791515580164502
