"Variable"	"Log Odds Ratio"	"2.5% C.I."	"97.5% C.I."	"P-value"	"Test"	"metric"	"Num_samples"	"R2"
"(Intercept)"	0.00886206388831146	-0.176265949890707	0.19399007766733	0.925163852893794	"Linear regression"	"Beta coefficient"	842	0.00511915994875973
"Sex"	-0.00275680312596034	-0.202836623991776	0.197323017739855	0.978430625433056	"Linear regression"	"Beta coefficient"	842	0.00511915994875973
"SCZ_PRS"	0.00274138678819703	-0.0718095159685478	0.0772922895449419	0.94247877731573	"Linear regression"	"Beta coefficient"	842	0.00511915994875973
"Rare_Deleterious_SNVs_LOEUF"	0.000767238364340664	-0.0760815850619131	0.0776160617905944	0.984370202488338	"Linear regression"	"Beta coefficient"	842	0.00511915994875973
"`DELs LOEUF<0.35`"	0.0570657944403888	-0.00853736581517668	0.122668954695954	0.0881239346419514	"Linear regression"	"Beta coefficient"	842	0.00511915994875973
"`DUPs LOEUF<0.35`"	-0.017695932402424	-0.0763828337708522	0.0409909689660042	0.554112450606474	"Linear regression"	"Beta coefficient"	842	0.00511915994875973
"`STRs exonic LOEUF<0.35`"	0.0356452287572723	-0.0373559559444233	0.108646413458968	0.338135449198212	"Linear regression"	"Beta coefficient"	842	0.00511915994875973
