"Variable"	"Log Odds Ratio"	"2.5% C.I."	"97.5% C.I."	"P-value"	"Test"	"metric"	"Num_samples"	"R2"
"(Intercept)"	-0.426263223067075	-1.45312556719109	0.600599121056937	0.412027172890384	"Linear regression"	"Beta coefficient"	104	0.00596701059770222
"Sex"	0.179846899688432	-0.370129472482453	0.729823271859316	0.51785843352188	"Linear regression"	"Beta coefficient"	104	0.00596701059770222
"SCZ_PRS"	-0.0930163850465731	-0.307389520563098	0.121356750469952	0.391268020029719	"Linear regression"	"Beta coefficient"	104	0.00596701059770222
"Rare_Deleterious_SNVs_LOEUF"	-0.0999718658193764	-0.311047493552553	0.1111037619138	0.349539486005562	"Linear regression"	"Beta coefficient"	104	0.00596701059770222
"`DELs LOEUF<0.35`"	-0.106596979323759	-0.302823167585674	0.0896292089381556	0.283631108744879	"Linear regression"	"Beta coefficient"	104	0.00596701059770222
"`DUPs LOEUF<0.35`"	0.0503059982271099	-0.122820520515875	0.223432516970094	0.565472544400003	"Linear regression"	"Beta coefficient"	104	0.00596701059770222
"`STRs exonic LOEUF<0.35`"	0.195232688359256	-0.00814303326684926	0.398608409985362	0.0597085643662532	"Linear regression"	"Beta coefficient"	104	0.00596701059770222
