"Variable"	"Log Odds Ratio"	"2.5% C.I."	"97.5% C.I."	"P-value"	"Test"	"metric"	"Num_samples"	"R2"
"(Intercept)"	0.0188769471197509	-0.89189700522218	0.929650899461682	0.967366004428721	"Linear regression"	"Beta coefficient"	139	-0.0145620668016433
"Sex"	-0.0139704639529674	-0.497798818052771	0.469857890146836	0.954547958603749	"Linear regression"	"Beta coefficient"	139	-0.0145620668016433
"SCZ_PRS"	-0.0116750429458477	-0.185417326302299	0.162067240410604	0.894479093657086	"Linear regression"	"Beta coefficient"	139	-0.0145620668016433
