"Variable"	"Log Odds Ratio"	"2.5% C.I."	"97.5% C.I."	"P-value"	"Test"	"metric"	"Num_samples"	"R2"
"(Intercept)"	-0.0772013222565158	-1.62962955975571	1.47522691524267	0.91550787261251	"Linear regression"	"Beta coefficient"	19	-0.0251916346223546
"Sex"	-0.0674924638452427	-1.88026959357308	1.74528466588259	0.936683374491264	"Linear regression"	"Beta coefficient"	19	-0.0251916346223546
"SCZ_PRS"	0.41818453915719	-0.372255096112823	1.2086241744272	0.271476028663819	"Linear regression"	"Beta coefficient"	19	-0.0251916346223546
"Rare_Deleterious_SNVs_LOEUF"	0.570346386074913	-0.166538233595044	1.30723100574487	0.117521490944235	"Linear regression"	"Beta coefficient"	19	-0.0251916346223546
"`DELs LOEUF<0.35`"	-0.104722806142199	-0.760723658059703	0.551278045775305	0.733998999631775	"Linear regression"	"Beta coefficient"	19	-0.0251916346223546
"`DUPs LOEUF<0.35`"	-0.082787995129547	-0.691148341917768	0.525572351658674	0.77191649904637	"Linear regression"	"Beta coefficient"	19	-0.0251916346223546
"`STRs exonic LOEUF<0.35`"	0.576306040685137	-0.231558345852106	1.38417042722238	0.146078821813077	"Linear regression"	"Beta coefficient"	19	-0.0251916346223546
