"Variable"	"Log Odds Ratio"	"2.5% C.I."	"97.5% C.I."	"P-value"	"Test"	"metric"	"Num_samples"	"R2"
"(Intercept)"	-0.903842076574956	-2.77282865953507	0.965144506385158	0.306550865913451	"Linear regression"	"Beta coefficient"	17	0.206145807310262
"Sex"	1.17919642690223	-0.897264114192222	3.25565696799667	0.2344399088852	"Linear regression"	"Beta coefficient"	17	0.206145807310262
"SCZ_PRS"	-0.248417135471119	-1.25559063379409	0.758756362851848	0.594676845407842	"Linear regression"	"Beta coefficient"	17	0.206145807310262
"Rare_Deleterious_SNVs"	0.228055920977695	-0.648310098926074	1.10442194088146	0.574861886460646	"Linear regression"	"Beta coefficient"	17	0.206145807310262
"`Genes DEL`"	-0.217222122552895	-0.907590871116916	0.473146626011125	0.499244099600015	"Linear regression"	"Beta coefficient"	17	0.206145807310262
"`Genes DUP`"	-0.428753372448501	-2.77626410604479	1.91875736114778	0.692617687798601	"Linear regression"	"Beta coefficient"	17	0.206145807310262
"`STRs exonic`"	0.0349533061419121	-0.774985845942585	0.844892458226409	0.925296107863836	"Linear regression"	"Beta coefficient"	17	0.206145807310262
