"Variable"	"Log Odds Ratio"	"2.5% C.I."	"97.5% C.I."	"P-value"	"Test"	"metric"	"Num_samples"	"R2"
"(Intercept)"	0.0193258581415386	-0.164914837332748	0.203566553615825	0.836928493990256	"Linear regression"	"Beta coefficient"	842	0.00897732085994961
"Sex"	0.0004997977629157	-0.198735550152654	0.199735145678485	0.996072517576751	"Linear regression"	"Beta coefficient"	842	0.00897732085994961
"SCZ_PRS"	0.0457097453162798	-0.0379708681692639	0.129390358801824	0.283955282918761	"Linear regression"	"Beta coefficient"	842	0.00897732085994961
"Rare_Deleterious_SNVs"	0.0969854295276156	-0.00510586921410563	0.199076728269337	0.0625820306222759	"Linear regression"	"Beta coefficient"	842	0.00897732085994961
"`Genes DEL`"	0.0495376792514739	-0.0204514448900752	0.119526803393023	0.165124424028549	"Linear regression"	"Beta coefficient"	842	0.00897732085994961
"`Genes DUP`"	-0.0193339934118492	-0.0780178914101194	0.039349904586421	0.518025219467308	"Linear regression"	"Beta coefficient"	842	0.00897732085994961
"`STRs exonic`"	0.02965065140929	-0.0493715763612644	0.108672879179844	0.4616433554707	"Linear regression"	"Beta coefficient"	842	0.00897732085994961
