"Variable"	"Log Odds Ratio"	"2.5% C.I."	"97.5% C.I."	"P-value"	"Test"	"metric"	"Num_samples"	"R2"
"(Intercept)"	0.974853946501728	-0.0771852687939826	2.02689316179744	0.068600710501208	"Linear regression"	"Beta coefficient"	57	0.226682604203365
"Sex"	-0.543654426936038	-1.12582133047479	0.0385124766027185	0.066543031382274	"Linear regression"	"Beta coefficient"	57	0.226682604203365
"SCZ_PRS"	-0.19233674923791	-0.418100960404035	0.0334274619282153	0.0932486479720599	"Linear regression"	"Beta coefficient"	57	0.226682604203365
"Rare_Deleterious_SNVs_LOEUF"	0.151171474584139	-0.0872406449190726	0.389583594087351	0.208701309249299	"Linear regression"	"Beta coefficient"	57	0.226682604203365
"`DELs LOEUF<0.35`"	0.00605410819209999	-0.233519434908579	0.245627651292779	0.959721387353074	"Linear regression"	"Beta coefficient"	57	0.226682604203365
"`DUPs LOEUF<0.35`"	-0.227210586763603	-0.445731800330841	-0.00868937319636484	0.0418718989911875	"Linear regression"	"Beta coefficient"	57	0.226682604203365
"`STRs exonic LOEUF<0.35`"	-0.136075980269784	-0.381322283475025	0.109170322935458	0.270411277586159	"Linear regression"	"Beta coefficient"	57	0.226682604203365
