"Variable"	"Log Odds Ratio"	"2.5% C.I."	"97.5% C.I."	"P-value"	"Test"	"metric"	"Num_samples"	"R2"
"(Intercept)"	-0.901410478615614	-1.93227208602769	0.129451128796462	0.0858066582179423	"Linear regression"	"Beta coefficient"	98	0.0106527396835538
"Sex"	0.51027585921379	-0.0408871494981011	1.06143886792568	0.0691865587846397	"Linear regression"	"Beta coefficient"	98	0.0106527396835538
"SCZ_PRS"	-0.0522547291702196	-0.279630419977721	0.175120961637282	0.649222196087447	"Linear regression"	"Beta coefficient"	98	0.0106527396835538
"All_rare_del_var"	-0.01026278061743	-0.207610734326383	0.187085173091523	0.91798124751864	"Linear regression"	"Beta coefficient"	98	0.0106527396835538
