"Variable"	"Log Odds Ratio"	"2.5% C.I."	"97.5% C.I."	"P-value"	"Test"	"metric"	"Num_samples"	"R2"
"(Intercept)"	-0.559598601139764	-1.54386106000985	0.424663857730318	0.260989395304977	"Linear regression"	"Beta coefficient"	78	-0.00800188520849088
"Sex"	0.319068872164378	-0.226778349483594	0.86491609381235	0.247927960348366	"Linear regression"	"Beta coefficient"	78	-0.00800188520849088
"`DELs LOEUF<0.35`"	0.056189562404221	-0.180096883584571	0.292476008393013	0.637070487446273	"Linear regression"	"Beta coefficient"	78	-0.00800188520849088
