"Variable"	"Log Odds Ratio"	"2.5% C.I."	"97.5% C.I."	"P-value"	"Test"	"metric"	"Num_samples"	"R2"
"(Intercept)"	-0.254482407303265	-1.67777163385947	1.16880681925294	0.705543697137045	"Linear regression"	"Beta coefficient"	20	0.371822759259614
"Sex"	0.618396397376516	-0.968994610764594	2.20578740551763	0.415220195164224	"Linear regression"	"Beta coefficient"	20	0.371822759259614
"SCZ_PRS"	0.0237436873737005	-0.555059839227373	0.602547213974774	0.930732498297509	"Linear regression"	"Beta coefficient"	20	0.371822759259614
"Rare_Deleterious_SNVs"	-0.185651161652993	-0.823638041934096	0.45233571862811	0.54046254022454	"Linear regression"	"Beta coefficient"	20	0.371822759259614
"`Genes DEL`"	-0.211780513361417	-0.725100290602188	0.301539263879355	0.388965086289693	"Linear regression"	"Beta coefficient"	20	0.371822759259614
"`Genes DUP`"	1.201734741739	-0.581957835775488	2.98542731925348	0.169248036206515	"Linear regression"	"Beta coefficient"	20	0.371822759259614
"`STRs exonic`"	-0.0677685860563833	-0.68302148235914	0.547484310246373	0.815622151712469	"Linear regression"	"Beta coefficient"	20	0.371822759259614
