"Variable"	"Log Odds Ratio"	"2.5% C.I."	"97.5% C.I."	"P-value"	"Test"	"metric"	"Num_samples"	"R2"
"(Intercept)"	-0.218196776577165	-0.36344793775089	-0.0729456154034408	0.00326888570641703	"Linear regression"	"Beta coefficient"	1179	0.0257401118021052
"Sex"	0.244067354175569	0.0865602849874339	0.401574423363704	0.0024163338416768	"Linear regression"	"Beta coefficient"	1179	0.0257401118021052
"`DELs LOEUF<0.35`"	-0.129318355020657	-0.185448856400298	-0.0731878536410171	6.8023139352678e-06	"Linear regression"	"Beta coefficient"	1179	0.0257401118021052
