"Variable"	"Log Odds Ratio"	"2.5% C.I."	"97.5% C.I."	"P-value"	"Test"	"metric"	"Num_samples"	"R2"
"(Intercept)"	-0.00889452571638517	-0.184966210976848	0.167177159544078	0.921046592978676	"Linear regression"	"Beta coefficient"	908	-0.00196574993233734
"Sex"	-0.0416061066594782	-0.231518799350957	0.148306586032001	0.667323975939828	"Linear regression"	"Beta coefficient"	908	-0.00196574993233734
"All_rare_del_var"	0.00530313259065887	-0.0604437319479782	0.0710499971292959	0.874254050639413	"Linear regression"	"Beta coefficient"	908	-0.00196574993233734
