"Variable"	"Log Odds Ratio"	"2.5% C.I."	"97.5% C.I."	"P-value"	"Test"	"metric"	"Num_samples"	"R2"
"(Intercept)"	0.168285644125522	-0.596647414547914	0.933218702798957	0.664338037497483	"Linear regression"	"Beta coefficient"	148	0.00705947098172538
"Sex"	-0.0922454641873229	-0.501911631633941	0.317420703259295	0.656951680664528	"Linear regression"	"Beta coefficient"	148	0.00705947098172538
"`DELs LOEUF<0.35`"	0.0752175878899799	-0.0883435481164981	0.238778723896458	0.364898906205185	"Linear regression"	"Beta coefficient"	148	0.00705947098172538
