"Variable"	"Log Odds Ratio"	"2.5% C.I."	"97.5% C.I."	"P-value"	"Test"	"metric"	"Num_samples"	"R2"
"(Intercept)"	-0.669461324900051	-1.79468321089419	0.455760561094088	0.240494184980726	"Linear regression"	"Beta coefficient"	102	-0.0392680735200952
"Sex"	0.305873825854936	-0.293164221641345	0.904911873351217	0.313307545910587	"Linear regression"	"Beta coefficient"	102	-0.0392680735200952
"SCZ_PRS"	-0.0415122571208859	-0.266993478618857	0.183968964377086	0.715554501557809	"Linear regression"	"Beta coefficient"	102	-0.0392680735200952
"Rare_Deleterious_SNVs_LOEUF"	-0.0803771195945457	-0.301729522451941	0.14097528326285	0.47275293371422	"Linear regression"	"Beta coefficient"	102	-0.0392680735200952
"`DELs LOEUF<0.35`"	-0.0261477356477091	-0.231087795151843	0.178792323856425	0.800589372864083	"Linear regression"	"Beta coefficient"	102	-0.0392680735200952
"`DUPs LOEUF<0.35`"	0.0333177705294253	-0.147218675586505	0.213854216645356	0.714899562268993	"Linear regression"	"Beta coefficient"	102	-0.0392680735200952
"`STRs exonic LOEUF<0.35`"	0.0910811214756791	-0.121753579305992	0.30391582225735	0.397697753474756	"Linear regression"	"Beta coefficient"	102	-0.0392680735200952
