"Variable"	"Log Odds Ratio"	"2.5% C.I."	"97.5% C.I."	"P-value"	"Test"	"metric"	"Num_samples"	"R2"
"(Intercept)"	-0.0897705242010167	-1.17799886375457	0.998457815352541	0.869068451370401	"Linear regression"	"Beta coefficient"	57	0.087170603308914
"Sex"	0.128264300834372	-0.473928577121172	0.730457178789917	0.670623753844392	"Linear regression"	"Beta coefficient"	57	0.087170603308914
"SCZ_PRS"	0.201316066018044	-0.0322142141045217	0.434846346140609	0.0895311442982111	"Linear regression"	"Beta coefficient"	57	0.087170603308914
"Rare_Deleterious_SNVs_LOEUF"	0.0570794131475177	-0.18953385103912	0.303692677334156	0.644030423287011	"Linear regression"	"Beta coefficient"	57	0.087170603308914
"`DELs LOEUF<0.35`"	-0.237928592833747	-0.48574323245831	0.00988604679081589	0.0594890517872306	"Linear regression"	"Beta coefficient"	57	0.087170603308914
"`DUPs LOEUF<0.35`"	-0.0355433373224657	-0.26158146778385	0.190494793138918	0.753441911824019	"Linear regression"	"Beta coefficient"	57	0.087170603308914
"`STRs exonic LOEUF<0.35`"	-0.102395880761435	-0.356078417912554	0.151286656389684	0.421362736061332	"Linear regression"	"Beta coefficient"	57	0.087170603308914
