"Variable"	"Log Odds Ratio"	"2.5% C.I."	"97.5% C.I."	"P-value"	"Test"	"metric"	"Num_samples"	"R2"
"(Intercept)"	-0.768297497000949	-1.71328120141564	0.176686207413745	0.109508690184153	"Linear regression"	"Beta coefficient"	78	0.0605201086183959
"Sex"	0.439075618668393	-0.0842729134716222	0.962424150808407	0.0988260572047388	"Linear regression"	"Beta coefficient"	78	0.0605201086183959
"`Genes DEL`"	0.191801139065398	-0.0349007694886028	0.418503047619398	0.096064642292157	"Linear regression"	"Beta coefficient"	78	0.0605201086183959
