"Variable"	"Log Odds Ratio"	"2.5% C.I."	"97.5% C.I."	"P-value"	"Test"	"metric"	"Num_samples"	"R2"
"(Intercept)"	-0.428056979817873	-1.55545318321542	0.699339223579672	0.449271535362616	"Linear regression"	"Beta coefficient"	57	0.0197576875757041
"Sex"	0.3105049977795	-0.314069073695225	0.935079069254225	0.322821516754167	"Linear regression"	"Beta coefficient"	57	0.0197576875757041
"SCZ_PRS"	0.201040274048827	-0.0808660687351367	0.48294661683279	0.1582533632384	"Linear regression"	"Beta coefficient"	57	0.0197576875757041
"Rare_Deleterious_SNVs"	-0.0503062682287477	-0.358005420883574	0.257392884426079	0.743993564768567	"Linear regression"	"Beta coefficient"	57	0.0197576875757041
"`Genes DEL`"	-0.159608967768808	-0.409946591902618	0.0907286563650022	0.206240585548715	"Linear regression"	"Beta coefficient"	57	0.0197576875757041
"`Genes DUP`"	-0.045300847538814	-0.278165845766433	0.187564150688805	0.697650142027584	"Linear regression"	"Beta coefficient"	57	0.0197576875757041
"`STRs exonic`"	0.0147617139024264	-0.269530792338177	0.29905422014303	0.917353909511623	"Linear regression"	"Beta coefficient"	57	0.0197576875757041
