"Variable"	"Log Odds Ratio"	"2.5% C.I."	"97.5% C.I."	"P-value"	"Test"	"metric"	"Num_samples"	"R2"
"(Intercept)"	0.241141558764686	-0.952407533502787	1.43469065103216	0.671379169424014	"Linear regression"	"Beta coefficient"	21	0.211393635855313
"Sex"	-0.416213599248806	-1.75573644760045	0.92330924910284	0.515973053983476	"Linear regression"	"Beta coefficient"	21	0.211393635855313
"SCZ_PRS"	-0.00159426011848424	-0.571050613751812	0.567862093514843	0.995293788874564	"Linear regression"	"Beta coefficient"	21	0.211393635855313
"Rare_Deleterious_SNVs_LOEUF"	0.378167943642328	-0.199286136857012	0.955622024141668	0.181938419206542	"Linear regression"	"Beta coefficient"	21	0.211393635855313
"`DELs LOEUF<0.35`"	-0.298437762781111	-0.852641983334181	0.255766457771959	0.267438761949547	"Linear regression"	"Beta coefficient"	21	0.211393635855313
"`DUPs LOEUF<0.35`"	-0.0922698287465115	-0.612120085788158	0.427580428295135	0.709151115764366	"Linear regression"	"Beta coefficient"	21	0.211393635855313
"`STRs exonic LOEUF<0.35`"	-0.0697671940382308	-0.699807172752596	0.560272784676135	0.815707824797845	"Linear regression"	"Beta coefficient"	21	0.211393635855313
