"Variable"	"Log Odds Ratio"	"2.5% C.I."	"97.5% C.I."	"P-value"	"Test"	"metric"	"Num_samples"	"R2"
"(Intercept)"	-1.02554569431445	-2.89821460549079	0.84712321686189	0.250377231054071	"Linear regression"	"Beta coefficient"	17	0.159885649975688
"Sex"	1.29193656296164	-0.871035054783154	3.45490818070643	0.212781686798469	"Linear regression"	"Beta coefficient"	17	0.159885649975688
"SCZ_PRS"	0.201154738538421	-1.07014508613472	1.47245456321156	0.731740986632618	"Linear regression"	"Beta coefficient"	17	0.159885649975688
"Rare_Deleterious_SNVs_LOEUF"	0.0911417334620051	-0.873224287435265	1.05550775435928	0.83744376723432	"Linear regression"	"Beta coefficient"	17	0.159885649975688
"`DELs LOEUF<0.35`"	0.240816515167655	-0.697200788895233	1.17883381923054	0.579933438859495	"Linear regression"	"Beta coefficient"	17	0.159885649975688
"`DUPs LOEUF<0.35`"	-0.139798545772336	-0.890656688336177	0.611059596791504	0.687014177975229	"Linear regression"	"Beta coefficient"	17	0.159885649975688
"`STRs exonic LOEUF<0.35`"	0.206363262558753	-0.763019423821058	1.17574594893856	0.645453152528573	"Linear regression"	"Beta coefficient"	17	0.159885649975688
