"Variable"	"Log Odds Ratio"	"2.5% C.I."	"97.5% C.I."	"P-value"	"Test"	"metric"	"Num_samples"	"R2"
"(Intercept)"	0.00869259357931226	-0.171098475739018	0.188483662897643	0.924419448370082	"Linear regression"	"Beta coefficient"	854	0.00450169662420774
"Sex"	-0.0624069302578411	-0.256642165419426	0.131828304903744	0.528453250126765	"Linear regression"	"Beta coefficient"	854	0.00450169662420774
"SCZ_PRS"	0.0332250186532343	-0.0381620490844243	0.104612086390893	0.361232661542613	"Linear regression"	"Beta coefficient"	854	0.00450169662420774
"Rare_Deleterious_SNVs_LOEUF"	0.0667626806800286	-0.00760643009370021	0.141131791453757	0.0784269673557426	"Linear regression"	"Beta coefficient"	854	0.00450169662420774
"`DELs LOEUF<0.35`"	0.002360947073582	-0.0615456382895782	0.0662675324367422	0.942211590691303	"Linear regression"	"Beta coefficient"	854	0.00450169662420774
"`DUPs LOEUF<0.35`"	0.0408020050860012	-0.0163790797737844	0.0979830899457868	0.161715267805582	"Linear regression"	"Beta coefficient"	854	0.00450169662420774
"`STRs exonic LOEUF<0.35`"	-0.0768897532904509	-0.147338994907513	-0.0064405116733892	0.0324614308455746	"Linear regression"	"Beta coefficient"	854	0.00450169662420774
