"Variable"	"Log Odds Ratio"	"2.5% C.I."	"97.5% C.I."	"P-value"	"Test"	"metric"	"Num_samples"	"R2"
"(Intercept)"	-0.158416363397039	-1.06367884550491	0.746846118710828	0.729131825556523	"Linear regression"	"Beta coefficient"	105	-0.0248662615020436
"Sex"	0.0395791375361529	-0.446851305941204	0.526009581013509	0.87205632817605	"Linear regression"	"Beta coefficient"	105	-0.0248662615020436
"SCZ_PRS"	-0.0140763039384343	-0.208136763312653	0.179984155435784	0.885839757046135	"Linear regression"	"Beta coefficient"	105	-0.0248662615020436
"Rare_Deleterious_SNVs_LOEUF"	0.0367272891410596	-0.15426826813342	0.227722846415539	0.703583425534597	"Linear regression"	"Beta coefficient"	105	-0.0248662615020436
"`DELs LOEUF<0.35`"	0.0367650481478387	-0.141241392232597	0.214771488528274	0.682797774090656	"Linear regression"	"Beta coefficient"	105	-0.0248662615020436
"`DUPs LOEUF<0.35`"	-0.100786268910949	-0.257878724349392	0.0563061865274934	0.205965814064087	"Linear regression"	"Beta coefficient"	105	-0.0248662615020436
"`STRs exonic LOEUF<0.35`"	0.109415295841502	-0.0744972838460502	0.293327875529055	0.240610796131837	"Linear regression"	"Beta coefficient"	105	-0.0248662615020436
