"Variable"	"Log Odds Ratio"	"2.5% C.I."	"97.5% C.I."	"P-value"	"Test"	"metric"	"Num_samples"	"R2"
"(Intercept)"	-0.903842076574955	-2.77282865953507	0.965144506385158	0.306550865913451	"Linear regression"	"Beta coefficient"	17	-0.27016670830358
"Sex"	1.17919642690223	-0.897264114192222	3.25565696799667	0.2344399088852	"Linear regression"	"Beta coefficient"	17	-0.27016670830358
"SCZ_PRS"	-0.248417135471119	-1.25559063379409	0.758756362851847	0.594676845407842	"Linear regression"	"Beta coefficient"	17	-0.27016670830358
"Rare_Deleterious_SNVs"	0.228055920977695	-0.648310098926074	1.10442194088146	0.574861886460646	"Linear regression"	"Beta coefficient"	17	-0.27016670830358
"`Genes DEL`"	-0.217222122552895	-0.907590871116916	0.473146626011125	0.499244099600015	"Linear regression"	"Beta coefficient"	17	-0.27016670830358
"`Genes DUP`"	-0.4287533724485	-2.77626410604479	1.91875736114779	0.692617687798601	"Linear regression"	"Beta coefficient"	17	-0.27016670830358
"`STRs exonic`"	0.0349533061419117	-0.774985845942585	0.844892458226408	0.925296107863837	"Linear regression"	"Beta coefficient"	17	-0.27016670830358
