"Variable"	"Log Odds Ratio"	"2.5% C.I."	"97.5% C.I."	"P-value"	"Test"	"metric"	"Num_samples"	"R2"
"(Intercept)"	0.0293528952166431	-0.153914402667208	0.212620193100494	0.753319499928934	"Linear regression"	"Beta coefficient"	850	0.00846047544108127
"Sex"	-0.0766049570802956	-0.274537033683915	0.121327119523324	0.447677007218652	"Linear regression"	"Beta coefficient"	850	0.00846047544108127
"SCZ_PRS"	0.0157967816991298	-0.0568872138496571	0.0884807772479166	0.669793169978783	"Linear regression"	"Beta coefficient"	850	0.00846047544108127
"Rare_Deleterious_SNVs_LOEUF"	0.0906520416017743	0.0149513564099204	0.166352726793628	0.0189806393782081	"Linear regression"	"Beta coefficient"	850	0.00846047544108127
"`DELs LOEUF<0.35`"	0.00749049499134312	-0.0573829295990594	0.0723639195817456	0.820767065179656	"Linear regression"	"Beta coefficient"	850	0.00846047544108127
"`DUPs LOEUF<0.35`"	0.0119801228414404	-0.046059945994583	0.0700201916774637	0.685477185650552	"Linear regression"	"Beta coefficient"	850	0.00846047544108127
"`STRs exonic LOEUF<0.35`"	-0.048359170787315	-0.120150552261176	0.0234322106865464	0.186478976104167	"Linear regression"	"Beta coefficient"	850	0.00846047544108127
