"Variable"	"Log Odds Ratio"	"2.5% C.I."	"97.5% C.I."	"P-value"	"Test"	"metric"	"Num_samples"	"R2"
"(Intercept)"	0.00978483569819673	-0.161198337697022	0.180768009093416	0.910604912007717	"Linear regression"	"Beta coefficient"	955	-0.0017430135070573
"Sex"	-0.0526337738152801	-0.236954532904831	0.131686985274271	0.575344884728778	"Linear regression"	"Beta coefficient"	955	-0.0017430135070573
"`STRs exonic`"	-0.00601122319461567	-0.0698285222333278	0.0578060758440965	0.853384201955895	"Linear regression"	"Beta coefficient"	955	-0.0017430135070573
