"Variable"	"Log Odds Ratio"	"2.5% C.I."	"97.5% C.I."	"P-value"	"Test"	"metric"	"Num_samples"	"R2"
"(Intercept)"	-0.0575180998017582	-0.207066743650324	0.0920305440468076	0.450638994358096	"Linear regression"	"Beta coefficient"	1177	-0.000921509251361252
"Sex"	0.0572465236419982	-0.104852426035462	0.219345473319459	0.488514939125955	"Linear regression"	"Beta coefficient"	1177	-0.000921509251361252
"`Genes DEL`"	-0.0186379423814169	-0.0762622661362944	0.0389863813734606	0.525824295019421	"Linear regression"	"Beta coefficient"	1177	-0.000921509251361252
