"Variable"	"Log Odds Ratio"	"2.5% C.I."	"97.5% C.I."	"P-value"	"Test"	"metric"	"Num_samples"	"R2"
"(Intercept)"	-0.0683838753669024	-1.1546841689033	1.01791641816949	0.89683900053207	"Linear regression"	"Beta coefficient"	23	0.0216344688890243
"Sex"	0.0827804807073034	-1.11340547891195	1.27896644032655	0.886663813173567	"Linear regression"	"Beta coefficient"	23	0.0216344688890243
"`DUPs LOEUF<0.35`"	-0.146717849155394	-0.610303770342225	0.316868072031436	0.516673000641665	"Linear regression"	"Beta coefficient"	23	0.0216344688890243
