"Variable"	"Log Odds Ratio"	"2.5% C.I."	"97.5% C.I."	"P-value"	"Test"	"metric"	"Num_samples"	"R2"
"(Intercept)"	-0.014113501213767	-0.165665893247915	0.137438890820381	0.855049399360641	"Linear regression"	"Beta coefficient"	1121	-0.0015167304382584
"Sex"	0.0137282148266148	-0.150468604187842	0.177925033841071	0.869723930816612	"Linear regression"	"Beta coefficient"	1121	-0.0015167304382584
"SCZ_PRS"	-0.0157157795888627	-0.0744277512445216	0.0429961920667962	0.599545730901068	"Linear regression"	"Beta coefficient"	1121	-0.0015167304382584
