"Variable"	"Log Odds Ratio"	"2.5% C.I."	"97.5% C.I."	"P-value"	"Test"	"metric"	"Num_samples"	"R2"
"(Intercept)"	-0.457437235083724	-1.36503149574313	0.450157025575682	0.319680434388439	"Linear regression"	"Beta coefficient"	105	0.053443230121474
"Sex"	0.303386373505811	-0.184297019361732	0.791069766373355	0.219957020814301	"Linear regression"	"Beta coefficient"	105	0.053443230121474
"SCZ_PRS"	0.112999053517854	-0.0815612675272217	0.30755937456293	0.251893652480142	"Linear regression"	"Beta coefficient"	105	0.053443230121474
"Rare_Deleterious_SNVs_LOEUF"	0.0801798004191364	-0.11130772393969	0.271667324777963	0.408028721095937	"Linear regression"	"Beta coefficient"	105	0.053443230121474
"`DELs LOEUF<0.35`"	-0.234774018561958	-0.413238968609942	-0.0563090685139747	0.0104567495380801	"Linear regression"	"Beta coefficient"	105	0.053443230121474
"`DUPs LOEUF<0.35`"	0.0722463752047586	-0.0852507195791112	0.229743469988628	0.364894601614885	"Linear regression"	"Beta coefficient"	105	0.053443230121474
"`STRs exonic LOEUF<0.35`"	-0.00234301343573375	-0.186729315846971	0.182043288975504	0.979933307458841	"Linear regression"	"Beta coefficient"	105	0.053443230121474
