"Variable"	"Log Odds Ratio"	"2.5% C.I."	"97.5% C.I."	"P-value"	"Test"	"metric"	"Num_samples"	"R2"
"(Intercept)"	0.0426370442647798	-1.03886524248197	1.12413933101153	0.935275860860452	"Linear regression"	"Beta coefficient"	23	0.0302579365079365
"Sex"	-0.051613264109997	-1.24251587032312	1.13928934210312	0.92886478029365	"Linear regression"	"Beta coefficient"	23	0.0302579365079365
"`DUPs LOEUF<0.35`"	-0.170848488685069	-0.632386828359979	0.29068985098984	0.449045614853618	"Linear regression"	"Beta coefficient"	23	0.0302579365079365
