"Variable"	"Log Odds Ratio"	"2.5% C.I."	"97.5% C.I."	"P-value"	"Test"	"metric"	"Num_samples"	"R2"
"(Intercept)"	-0.700205092082236	-1.88420306482349	0.483792880659019	0.22372769678128	"Linear regression"	"Beta coefficient"	20	0.0855345139028552
"Sex"	0.871113208103226	-0.543330094233164	2.28555651043962	0.206219937674818	"Linear regression"	"Beta coefficient"	20	0.0855345139028552
"SCZ_PRS"	0.191049781749557	-0.53238740516317	0.914486968662284	0.578051163267333	"Linear regression"	"Beta coefficient"	20	0.0855345139028552
"Rare_Deleterious_SNVs_LOEUF"	0.193924428915857	-0.479710383107542	0.867559240939257	0.544746616051403	"Linear regression"	"Beta coefficient"	20	0.0855345139028552
"`DELs LOEUF<0.35`"	-0.131346067321553	-0.713705126611582	0.451012991968477	0.634192545991942	"Linear regression"	"Beta coefficient"	20	0.0855345139028552
"`DUPs LOEUF<0.35`"	0.207548567279694	-0.348404512337454	0.763501646896842	0.43445608751399	"Linear regression"	"Beta coefficient"	20	0.0855345139028552
"`STRs exonic LOEUF<0.35`"	0.147801322327366	-0.578155710848884	0.873758355503615	0.66727628461395	"Linear regression"	"Beta coefficient"	20	0.0855345139028552
