"Variable"	"Log Odds Ratio"	"2.5% C.I."	"97.5% C.I."	"P-value"	"Test"	"metric"	"Num_samples"	"R2"
"(Intercept)"	-0.594618538529326	-1.49185459374231	0.302617516683659	0.191528029242655	"Linear regression"	"Beta coefficient"	105	0.0501277904985722
"Sex"	0.378278672783531	-0.102939626148895	0.859496971715957	0.121992770999557	"Linear regression"	"Beta coefficient"	105	0.0501277904985722
"SCZ_PRS"	0.0651935411478301	-0.145550819267409	0.27593790156307	0.540708548393767	"Linear regression"	"Beta coefficient"	105	0.0501277904985722
"Rare_Deleterious_SNVs"	0.0223060778710239	-0.191627375525375	0.236239531267423	0.836506850101386	"Linear regression"	"Beta coefficient"	105	0.0501277904985722
"`Genes DEL`"	-0.142613231394164	-0.339062531124836	0.0538360683365071	0.152875783648235	"Linear regression"	"Beta coefficient"	105	0.0501277904985722
"`Genes DUP`"	0.0752488388280778	-0.0847654024617635	0.235263080117919	0.352998763140192	"Linear regression"	"Beta coefficient"	105	0.0501277904985722
"`STRs exonic`"	-0.222019856043148	-0.418272159490642	-0.025767552595653	0.0270142565627821	"Linear regression"	"Beta coefficient"	105	0.0501277904985722
