"Variable"	"Log Odds Ratio"	"2.5% C.I."	"97.5% C.I."	"P-value"	"Test"	"metric"	"Num_samples"	"R2"
"(Intercept)"	-0.128321840372629	-0.312682913851462	0.0560392331062049	0.172217705143663	"Linear regression"	"Beta coefficient"	751	0.0121831311159061
"Sex"	0.16348137376645	-0.0362089450570542	0.363171692589955	0.108437606940142	"Linear regression"	"Beta coefficient"	751	0.0121831311159061
"SCZ_PRS"	-0.0536107493713399	-0.137335899096292	0.0301144003536123	0.209131512351626	"Linear regression"	"Beta coefficient"	751	0.0121831311159061
"Rare_Deleterious_SNVs"	-0.0498624749615193	-0.151513646342365	0.0517886964193267	0.335871160711693	"Linear regression"	"Beta coefficient"	751	0.0121831311159061
"`Genes DEL`"	-0.0439243042953191	-0.116589500854754	0.0287408922641153	0.235732662229627	"Linear regression"	"Beta coefficient"	751	0.0121831311159061
"`Genes DUP`"	-0.0379806336500156	-0.0938563938805721	0.017895126580541	0.18247310530866	"Linear regression"	"Beta coefficient"	751	0.0121831311159061
"`STRs exonic`"	0.038399888700136	-0.0396528219861537	0.116452599386426	0.334447028420785	"Linear regression"	"Beta coefficient"	751	0.0121831311159061
