"Variable"	"Log Odds Ratio"	"2.5% C.I."	"97.5% C.I."	"P-value"	"Test"	"metric"	"Num_samples"	"R2"
"(Intercept)"	-0.183430961503167	-0.35712123726224	-0.00974068574409376	0.0384871528942787	"Linear regression"	"Beta coefficient"	912	0.00273051191492657
"Sex"	0.197064824925122	0.00953899074383574	0.384590659106409	0.0394524973416121	"Linear regression"	"Beta coefficient"	912	0.00273051191492657
"All_rare_del_var"	-0.0113611958030795	-0.0767363167996583	0.0540139251934993	0.733132800723289	"Linear regression"	"Beta coefficient"	912	0.00273051191492657
