"Variable"	"Log Odds Ratio"	"2.5% C.I."	"97.5% C.I."	"P-value"	"Test"	"metric"	"Num_samples"	"R2"
"(Intercept)"	-0.341080755083784	-1.35945633518049	0.677294825012923	0.507796665622009	"Linear regression"	"Beta coefficient"	104	-0.0109167851479339
"Sex"	0.129006581665186	-0.415430686860414	0.673443850190786	0.639204918841978	"Linear regression"	"Beta coefficient"	104	-0.0109167851479339
"SCZ_PRS"	-0.081875069360549	-0.316164022808089	0.152413884086991	0.489599953129063	"Linear regression"	"Beta coefficient"	104	-0.0109167851479339
"Rare_Deleterious_SNVs"	-0.0908611632808298	-0.328253516027314	0.146531189465654	0.44930821423879	"Linear regression"	"Beta coefficient"	104	-0.0109167851479339
"`Genes DEL`"	-0.109977016340889	-0.32733478329922	0.107380750617443	0.317773534618868	"Linear regression"	"Beta coefficient"	104	-0.0109167851479339
"`Genes DUP`"	0.0690902737632702	-0.107950243590492	0.246130791117032	0.440495064977994	"Linear regression"	"Beta coefficient"	104	-0.0109167851479339
"`STRs exonic`"	0.158172594539815	-0.0590297692857669	0.375374958365397	0.151588586465234	"Linear regression"	"Beta coefficient"	104	-0.0109167851479339
