"Variable"	"Log Odds Ratio"	"2.5% C.I."	"97.5% C.I."	"P-value"	"Test"	"metric"	"Num_samples"	"R2"
"(Intercept)"	0.0856559385377079	-0.83720041236819	1.00851228944361	0.848433290463449	"Linear regression"	"Beta coefficient"	23	0.045940648891323
"Sex"	-0.0974898379139732	-1.18407746775182	0.989097791923878	0.853424722445499	"Linear regression"	"Beta coefficient"	23	0.045940648891323
"SCZ_PRS"	0.227951000882437	-0.259902677624755	0.715804679389629	0.341365102223512	"Linear regression"	"Beta coefficient"	23	0.045940648891323
