"Variable"	"Log Odds Ratio"	"2.5% C.I."	"97.5% C.I."	"P-value"	"Test"	"metric"	"Num_samples"	"R2"
"(Intercept)"	-0.334997222420786	-1.16980362455247	0.499809179710899	0.428807752806659	"Linear regression"	"Beta coefficient"	138	-0.0034157507977346
"Sex"	0.190829990267994	-0.255431674006266	0.637091654542255	0.399217190882979	"Linear regression"	"Beta coefficient"	138	-0.0034157507977346
"Rare_Deleterious_SNVs"	-0.0809159057974936	-0.247833682790456	0.0860018711954684	0.339415624871463	"Linear regression"	"Beta coefficient"	138	-0.0034157507977346
