"Variable"	"Log Odds Ratio"	"2.5% C.I."	"97.5% C.I."	"P-value"	"Test"	"metric"	"Num_samples"	"R2"
"(Intercept)"	0.0191578249811941	-0.152033705215001	0.190349355177389	0.826217096769336	"Linear regression"	"Beta coefficient"	955	0.00255923863511126
"Sex"	-0.0634898630721109	-0.248100040958679	0.121120314814457	0.499893389730954	"Linear regression"	"Beta coefficient"	955	0.00255923863511126
"`STRs exonic LOEUF<0.35`"	-0.047609456543119	-0.111536517296478	0.0163176042102404	0.144198797146503	"Linear regression"	"Beta coefficient"	955	0.00255923863511126
