"Variable"	"Log Odds Ratio"	"2.5% C.I."	"97.5% C.I."	"P-value"	"Test"	"metric"	"Num_samples"	"R2"
"(Intercept)"	0.774940302720994	-0.457771860912789	2.00765246635478	0.211231929547018	"Linear regression"	"Beta coefficient"	47	0.00304298700471994
"Sex"	-0.347405780837668	-1.03784016171292	0.343028600037584	0.315291817067231	"Linear regression"	"Beta coefficient"	47	0.00304298700471994
"SCZ_PRS"	-0.135246214529875	-0.403583086913126	0.133090657853377	0.314488529351378	"Linear regression"	"Beta coefficient"	47	0.00304298700471994
"Rare_Deleterious_SNVs_LOEUF"	-0.0953496742101031	-0.389638014415986	0.19893866599578	0.51632523180415	"Linear regression"	"Beta coefficient"	47	0.00304298700471994
"`DELs LOEUF<0.35`"	-0.206751008277522	-0.478655512271653	0.0651534957166082	0.13221881740826	"Linear regression"	"Beta coefficient"	47	0.00304298700471994
"`DUPs LOEUF<0.35`"	0.182491157480064	-0.075518211942557	0.440500526902684	0.160620380235003	"Linear regression"	"Beta coefficient"	47	0.00304298700471994
"`STRs exonic LOEUF<0.35`"	-0.146566821466171	-0.427599821574738	0.134466178642396	0.298185942315877	"Linear regression"	"Beta coefficient"	47	0.00304298700471994
