"Variable"	"Log Odds Ratio"	"2.5% C.I."	"97.5% C.I."	"P-value"	"Test"	"metric"	"Num_samples"	"R2"
"(Intercept)"	-0.338880088268279	-1.93508394843492	1.25732377189836	0.6519478059245	"Linear regression"	"Beta coefficient"	19	0.23273471422796
"Sex"	0.271577478335094	-1.59231663425501	2.1354715909252	0.756348523200168	"Linear regression"	"Beta coefficient"	19	0.23273471422796
"SCZ_PRS"	0.217509408754297	-0.595219171266373	1.03023798877497	0.570613824170708	"Linear regression"	"Beta coefficient"	19	0.23273471422796
"Rare_Deleterious_SNVs_LOEUF"	0.438857561879614	-0.318805849544406	1.19652097330363	0.230918236409708	"Linear regression"	"Beta coefficient"	19	0.23273471422796
"`DELs LOEUF<0.35`"	-0.00431234684462183	-0.678811216943841	0.670186523254598	0.98911471480315	"Linear regression"	"Beta coefficient"	19	0.23273471422796
"`DUPs LOEUF<0.35`"	-0.357499030243199	-0.98301402053993	0.268015960053531	0.236807320585041	"Linear regression"	"Beta coefficient"	19	0.23273471422796
"`STRs exonic LOEUF<0.35`"	0.481074886809797	-0.349569790434151	1.31171956405374	0.230968614008526	"Linear regression"	"Beta coefficient"	19	0.23273471422796
