"Variable"	"Log Odds Ratio"	"2.5% C.I."	"97.5% C.I."	"P-value"	"Test"	"metric"	"Num_samples"	"R2"
"(Intercept)"	-0.0230837896840628	-0.173368228278378	0.127200648910252	0.763189105554161	"Linear regression"	"Beta coefficient"	1162	0.000643256095856058
"Sex"	0.021663099376222	-0.141170891531314	0.184497090283758	0.794121786918439	"Linear regression"	"Beta coefficient"	1162	0.000643256095856058
"`Genes DUP`"	-0.0237622002804108	-0.0811721606196908	0.0336477600588692	0.41690985563711	"Linear regression"	"Beta coefficient"	1162	0.000643256095856058
