"Variable"	"Log Odds Ratio"	"2.5% C.I."	"97.5% C.I."	"P-value"	"Test"	"metric"	"Num_samples"	"R2"
"(Intercept)"	0.837446084916465	-0.257359250865853	1.93225142069878	0.130744620200118	"Linear regression"	"Beta coefficient"	57	0.0615383921669574
"Sex"	-0.4671446438024	-1.07366347363449	0.139374186029686	0.128168759572099	"Linear regression"	"Beta coefficient"	57	0.0615383921669574
"SCZ_PRS"	-0.159803305410163	-0.433560275090086	0.113953664269761	0.246560740390054	"Linear regression"	"Beta coefficient"	57	0.0615383921669574
"Rare_Deleterious_SNVs"	0.0237057171647425	-0.275098441592402	0.322509875921887	0.874035370077467	"Linear regression"	"Beta coefficient"	57	0.0615383921669574
"`Genes DEL`"	-0.00879404180629304	-0.251894884103631	0.234306800491045	0.942367720476697	"Linear regression"	"Beta coefficient"	57	0.0615383921669574
"`Genes DUP`"	-0.190653260700441	-0.416786577282702	0.035480055881821	0.0965979868507015	"Linear regression"	"Beta coefficient"	57	0.0615383921669574
"`STRs exonic`"	0.0419104430518996	-0.234163710663685	0.317984596767484	0.76169530993298	"Linear regression"	"Beta coefficient"	57	0.0615383921669574
