"Variable"	"Log Odds Ratio"	"2.5% C.I."	"97.5% C.I."	"P-value"	"Test"	"metric"	"Num_samples"	"R2"
"(Intercept)"	-0.282996595233047	-1.39549236643626	0.829499175970162	0.611643846319541	"Linear regression"	"Beta coefficient"	57	0.0836472025621192
"Sex"	0.150576892752529	-0.465742384556397	0.766896170061455	0.625768616091695	"Linear regression"	"Beta coefficient"	57	0.0836472025621192
"SCZ_PRS"	0.169986684640616	-0.108193792885732	0.448167162166965	0.225433823421563	"Linear regression"	"Beta coefficient"	57	0.0836472025621192
"Rare_Deleterious_SNVs"	-0.0464681685710762	-0.350100560714761	0.257164223572609	0.759822015053329	"Linear regression"	"Beta coefficient"	57	0.0836472025621192
"`Genes DEL`"	0.0792240399395118	-0.167804952514632	0.326253032393655	0.522415952878522	"Linear regression"	"Beta coefficient"	57	0.0836472025621192
"`Genes DUP`"	0.00476863275415456	-0.225018663857947	0.234555929366256	0.966917908717157	"Linear regression"	"Beta coefficient"	57	0.0836472025621192
"`STRs exonic`"	-0.0723207559063811	-0.352855859736164	0.208214347923402	0.606882814588165	"Linear regression"	"Beta coefficient"	57	0.0836472025621192
