"Variable"	"Log Odds Ratio"	"2.5% C.I."	"97.5% C.I."	"P-value"	"Test"	"metric"	"Num_samples"	"R2"
"(Intercept)"	-0.151225374806552	-0.331828969743066	0.0293782201299624	0.100652581399819	"Linear regression"	"Beta coefficient"	855	0.00857157168853384
"Sex"	0.166973264295691	-0.0282465956486572	0.362193124240038	0.093565185384695	"Linear regression"	"Beta coefficient"	855	0.00857157168853384
"SCZ_PRS"	-0.0378270064289066	-0.109811504708493	0.0341574918506801	0.302642610624684	"Linear regression"	"Beta coefficient"	855	0.00857157168853384
"Rare_Deleterious_SNVs_LOEUF"	0.0906588903235253	0.0156362180378311	0.16568156260922	0.0179219109345867	"Linear regression"	"Beta coefficient"	855	0.00857157168853384
"`DELs LOEUF<0.35`"	-0.00550907808326199	-0.0699780294579148	0.0589598732913908	0.866839947549358	"Linear regression"	"Beta coefficient"	855	0.00857157168853384
"`DUPs LOEUF<0.35`"	-0.0211359271177341	-0.0788227450459576	0.0365508908104894	0.472253123177357	"Linear regression"	"Beta coefficient"	855	0.00857157168853384
"`STRs exonic LOEUF<0.35`"	-0.0490923100226576	-0.12015054181644	0.0219659217711248	0.175452408815846	"Linear regression"	"Beta coefficient"	855	0.00857157168853384
