"Variable"	"Log Odds Ratio"	"2.5% C.I."	"97.5% C.I."	"P-value"	"Test"	"metric"	"Num_samples"	"R2"
"(Intercept)"	0.0558158887805576	-1.01503944466608	1.12667122222719	0.913390771390015	"Linear regression"	"Beta coefficient"	19	-0.0124752148050231
"Sex"	-0.0868026455412945	-1.29614955704351	1.12254426596092	0.880963473240643	"Linear regression"	"Beta coefficient"	19	-0.0124752148050231
"`DUPs LOEUF<0.35`"	0.289593644378352	-0.170796856593919	0.749984145350622	0.201056151173807	"Linear regression"	"Beta coefficient"	19	-0.0124752148050231
