"Variable"	"Log Odds Ratio"	"2.5% C.I."	"97.5% C.I."	"P-value"	"Test"	"metric"	"Num_samples"	"R2"
"(Intercept)"	0.228215007638299	-1.11823883439629	1.57466884967289	0.721641880628218	"Linear regression"	"Beta coefficient"	21	-0.294074983042817
"Sex"	-0.305013767333362	-1.81614196251279	1.20611442784606	0.671671778004381	"Linear regression"	"Beta coefficient"	21	-0.294074983042817
"SCZ_PRS"	0.0648366316001332	-0.577572382145549	0.707245645345815	0.831745744694951	"Linear regression"	"Beta coefficient"	21	-0.294074983042817
"Rare_Deleterious_SNVs_LOEUF"	0.120765554451948	-0.530665769424126	0.772196878328023	0.696913242563889	"Linear regression"	"Beta coefficient"	21	-0.294074983042817
"`DELs LOEUF<0.35`"	-0.278915606129808	-0.904118546561721	0.346287334302105	0.354884117000533	"Linear regression"	"Beta coefficient"	21	-0.294074983042817
"`DUPs LOEUF<0.35`"	-0.0686081592537494	-0.655056073638769	0.51783975513127	0.805523326600948	"Linear regression"	"Beta coefficient"	21	-0.294074983042817
"`STRs exonic LOEUF<0.35`"	-0.00366269675880047	-0.714416661946552	0.707091268428951	0.991337411943808	"Linear regression"	"Beta coefficient"	21	-0.294074983042817
