"Variable"	"Log Odds Ratio"	"2.5% C.I."	"97.5% C.I."	"P-value"	"Test"	"metric"	"Num_samples"	"R2"
"(Intercept)"	0.448836741407099	-0.605545370017157	1.50321885283136	0.39742861137963	"Linear regression"	"Beta coefficient"	59	-0.0127778398883978
"Sex"	-0.327765308093151	-0.919432747973809	0.263902131787507	0.271856894712649	"Linear regression"	"Beta coefficient"	59	-0.0127778398883978
"`STRs exonic`"	-0.0589275871499178	-0.324224310895024	0.206369136595188	0.658064619978962	"Linear regression"	"Beta coefficient"	59	-0.0127778398883978
