"Variable"	"Log Odds Ratio"	"2.5% C.I."	"97.5% C.I."	"P-value"	"Test"	"metric"	"Num_samples"	"R2"
"(Intercept)"	-0.0967229617447626	-0.982152513693653	0.788706590204127	0.828830308816967	"Linear regression"	"Beta coefficient"	105	-0.00673401250229078
"Sex"	0.00617160036410262	-0.468714468176914	0.481057668905119	0.979477233600159	"Linear regression"	"Beta coefficient"	105	-0.00673401250229078
"SCZ_PRS"	0.0357357965244117	-0.172235431932214	0.243707024981037	0.733839576755954	"Linear regression"	"Beta coefficient"	105	-0.00673401250229078
"Rare_Deleterious_SNVs"	0.0617764944055214	-0.14934186256096	0.272894851372002	0.562785175433255	"Linear regression"	"Beta coefficient"	105	-0.00673401250229078
"`Genes DEL`"	0.0562084518320985	-0.137655821043016	0.250072724707213	0.566359305535391	"Linear regression"	"Beta coefficient"	105	-0.00673401250229078
"`Genes DUP`"	-0.0752506845076845	-0.23315933869911	0.0826579696837407	0.346632935819371	"Linear regression"	"Beta coefficient"	105	-0.00673401250229078
"`STRs exonic`"	0.160844617645905	-0.0328252511705057	0.354514486462316	0.10253088516461	"Linear regression"	"Beta coefficient"	105	-0.00673401250229078
