"Variable"	"Log Odds Ratio"	"2.5% C.I."	"97.5% C.I."	"P-value"	"Test"	"metric"	"Num_samples"	"R2"
"(Intercept)"	0.393960497137194	-0.630953368485735	1.41887436276012	0.447253266626216	"Linear regression"	"Beta coefficient"	101	0.0164561859811956
"Sex"	-0.22592931180424	-0.775816930814106	0.323958307205626	0.416687696030981	"Linear regression"	"Beta coefficient"	101	0.0164561859811956
"SCZ_PRS"	0.0159492768761136	-0.200162446574104	0.232061000326332	0.883813846870094	"Linear regression"	"Beta coefficient"	101	0.0164561859811956
"Rare_Deleterious_SNVs_LOEUF"	0.0771255000744257	-0.143838744399795	0.298089744548647	0.490000513937263	"Linear regression"	"Beta coefficient"	101	0.0164561859811956
"`DELs LOEUF<0.35`"	-0.0420937487351234	-0.239292804177839	0.155105306707593	0.672660857109659	"Linear regression"	"Beta coefficient"	101	0.0164561859811956
"`DUPs LOEUF<0.35`"	-0.00183825167380601	-0.175815315755501	0.172138812407889	0.983306752178556	"Linear regression"	"Beta coefficient"	101	0.0164561859811956
"`STRs exonic LOEUF<0.35`"	-0.0727109251028485	-0.277997445088472	0.132575594882775	0.483633624978595	"Linear regression"	"Beta coefficient"	101	0.0164561859811956
