"Variable"	"Log Odds Ratio"	"2.5% C.I."	"97.5% C.I."	"P-value"	"Test"	"metric"	"Num_samples"	"R2"
"(Intercept)"	-0.190449258659554	-1.42031587827149	1.03941736095238	0.746960722689465	"Linear regression"	"Beta coefficient"	19	-0.0642429303533523
"Sex"	0.0819744808139161	-1.3399667631428	1.50391572477063	0.904253044507025	"Linear regression"	"Beta coefficient"	19	-0.0642429303533523
"`STRs exonic`"	0.246403616394258	-0.335710079112343	0.828517311900859	0.382842998524819	"Linear regression"	"Beta coefficient"	19	-0.0642429303533523
