"Variable"	"Log Odds Ratio"	"2.5% C.I."	"97.5% C.I."	"P-value"	"Test"	"metric"	"Num_samples"	"R2"
"(Intercept)"	-0.292858847195342	-1.33225448938904	0.746536794998354	0.57730511823734	"Linear regression"	"Beta coefficient"	104	0.0331401908836829
"Sex"	0.112684920607126	-0.442989955551639	0.66835979676589	0.688215933481722	"Linear regression"	"Beta coefficient"	104	0.0331401908836829
"SCZ_PRS"	-0.0115464421778051	-0.250671301401521	0.227578417045911	0.923849463990451	"Linear regression"	"Beta coefficient"	104	0.0331401908836829
"Rare_Deleterious_SNVs"	-0.0243415327980431	-0.266633847890057	0.217950782293971	0.842373320060574	"Linear regression"	"Beta coefficient"	104	0.0331401908836829
"`Genes DEL`"	-0.0154412944871319	-0.237285494396157	0.206402905421893	0.890412096524123	"Linear regression"	"Beta coefficient"	104	0.0331401908836829
"`Genes DUP`"	0.155190812694894	-0.0255039582969081	0.335885583686695	0.0914717093978684	"Linear regression"	"Beta coefficient"	104	0.0331401908836829
"`STRs exonic`"	0.0180137693211279	-0.203671819813915	0.239699358456171	0.872212234324578	"Linear regression"	"Beta coefficient"	104	0.0331401908836829
