"Variable"	"Log Odds Ratio"	"2.5% C.I."	"97.5% C.I."	"P-value"	"Test"	"metric"	"Num_samples"	"R2"
"(Intercept)"	0.241054474846095	-0.960772853934986	1.44288180362718	0.673607922968887	"Linear regression"	"Beta coefficient"	21	0.185615946886644
"Sex"	-0.385106602287485	-1.72000274694723	0.949789542372256	0.546015496744827	"Linear regression"	"Beta coefficient"	21	0.185615946886644
"SCZ_PRS"	0.0715553214845375	-0.541462728882799	0.684573371851874	0.805950936975685	"Linear regression"	"Beta coefficient"	21	0.185615946886644
"Rare_Deleterious_SNVs"	0.398771327794488	-0.215003186091989	1.01254584168097	0.185205007281945	"Linear regression"	"Beta coefficient"	21	0.185615946886644
"`Genes DEL`"	-0.179220280966062	-0.672247520724556	0.313806958792433	0.448576493413515	"Linear regression"	"Beta coefficient"	21	0.185615946886644
"`Genes DUP`"	-0.15175769803303	-0.669633742087942	0.366118346021882	0.539791995145676	"Linear regression"	"Beta coefficient"	21	0.185615946886644
"`STRs exonic`"	0.122907514824948	-0.452237036598462	0.698052066248359	0.653743759851491	"Linear regression"	"Beta coefficient"	21	0.185615946886644
