"Variable"	"Log Odds Ratio"	"2.5% C.I."	"97.5% C.I."	"P-value"	"Test"	"metric"	"Num_samples"	"R2"
"(Intercept)"	-0.122134184420977	-0.306377376211435	0.0621090073694809	0.193534501314425	"Linear regression"	"Beta coefficient"	751	0.0199075186189159
"Sex"	0.162056421284717	-0.0373138716372941	0.361426714206728	0.110972462202653	"Linear regression"	"Beta coefficient"	751	0.0199075186189159
"SCZ_PRS"	-0.0619259314631704	-0.135204397667337	0.0113525347409958	0.097533426046793	"Linear regression"	"Beta coefficient"	751	0.0199075186189159
"Rare_Deleterious_SNVs_LOEUF"	-0.0779116386094161	-0.154462025570251	-0.00136125164858157	0.0460729220445892	"Linear regression"	"Beta coefficient"	751	0.0199075186189159
"`DELs LOEUF<0.35`"	-0.0797471449316784	-0.146636378426512	-0.0128579114368448	0.0195197307024018	"Linear regression"	"Beta coefficient"	751	0.0199075186189159
"`DUPs LOEUF<0.35`"	-0.0329553812033042	-0.0884984956898085	0.0225877332832	0.244473381519031	"Linear regression"	"Beta coefficient"	751	0.0199075186189159
"`STRs exonic LOEUF<0.35`"	0.0217860968877251	-0.0512874665615199	0.09485966033697	0.558527300563744	"Linear regression"	"Beta coefficient"	751	0.0199075186189159
