"Variable"	"Log Odds Ratio"	"2.5% C.I."	"97.5% C.I."	"P-value"	"Test"	"metric"	"Num_samples"	"R2"
"(Intercept)"	-0.371424787915322	-2.11729288446591	1.37444330863527	0.653389467107118	"Linear regression"	"Beta coefficient"	20	0.0894554230097241
"Sex"	0.355914027563941	-1.59124840868275	2.30307646381063	0.699330371083615	"Linear regression"	"Beta coefficient"	20	0.0894554230097241
"SCZ_PRS"	0.289965904964931	-0.420019523442217	0.999951333372079	0.393627182808418	"Linear regression"	"Beta coefficient"	20	0.0894554230097241
"Rare_Deleterious_SNVs"	0.165503451572652	-0.617078837057237	0.94808574020254	0.655295897873325	"Linear regression"	"Beta coefficient"	20	0.0894554230097241
"`Genes DEL`"	0.0869692618446627	-0.542690968621313	0.716629492310638	0.770119850113625	"Linear regression"	"Beta coefficient"	20	0.0894554230097241
"`Genes DUP`"	-0.838260683991911	-3.02621511168859	1.34969374370477	0.422779503245044	"Linear regression"	"Beta coefficient"	20	0.0894554230097241
"`STRs exonic`"	0.0977254282932092	-0.656970372759363	0.852421229345782	0.784074108035026	"Linear regression"	"Beta coefficient"	20	0.0894554230097241
