"Variable"	"Log Odds Ratio"	"2.5% C.I."	"97.5% C.I."	"P-value"	"Test"	"metric"	"Num_samples"	"R2"
"(Intercept)"	0.0198875937824961	-0.164557182662921	0.204332370227913	0.832441668147422	"Linear regression"	"Beta coefficient"	842	-0.00349821715684029
"Sex"	-0.0166829544757398	-0.216009836613299	0.182643927661819	0.869550876706434	"Linear regression"	"Beta coefficient"	842	-0.00349821715684029
"SCZ_PRS"	-0.00543984994437461	-0.0770604225976993	0.06618072270895	0.88152487302212	"Linear regression"	"Beta coefficient"	842	-0.00349821715684029
"All_rare_del_var"	0.00347280701748758	-0.0663867800571302	0.0733323940921053	0.922294557794598	"Linear regression"	"Beta coefficient"	842	-0.00349821715684029
