"Variable"	"Log Odds Ratio"	"2.5% C.I."	"97.5% C.I."	"P-value"	"Test"	"metric"	"Num_samples"	"R2"
"(Intercept)"	0.417396029304522	-0.644208676199221	1.47900073480826	0.413250622291952	"Linear regression"	"Beta coefficient"	21	0.16436053601829
"Sex"	-0.535307055136478	-1.72674841951163	0.656134309238675	0.351577629097653	"Linear regression"	"Beta coefficient"	21	0.16436053601829
"SCZ_PRS"	-0.379688669549635	-0.886192799553755	0.126815460454486	0.130193166126377	"Linear regression"	"Beta coefficient"	21	0.16436053601829
"Rare_Deleterious_SNVs_LOEUF"	0.0484442753539668	-0.465173449331175	0.562062000039109	0.842595835315349	"Linear regression"	"Beta coefficient"	21	0.16436053601829
"`DELs LOEUF<0.35`"	0.0456301191877009	-0.447307969543487	0.538568207918889	0.845478494598023	"Linear regression"	"Beta coefficient"	21	0.16436053601829
"`DUPs LOEUF<0.35`"	-0.176202098431444	-0.638583983356096	0.286179786493208	0.427434047676312	"Linear regression"	"Beta coefficient"	21	0.16436053601829
"`STRs exonic LOEUF<0.35`"	-0.385985911544104	-0.946376272017654	0.174404448929447	0.161738835016141	"Linear regression"	"Beta coefficient"	21	0.16436053601829
