"Variable"	"Log Odds Ratio"	"2.5% C.I."	"97.5% C.I."	"P-value"	"Test"	"metric"	"Num_samples"	"R2"
"(Intercept)"	-0.0108635480086617	-0.19065033632873	0.168923240311407	0.905620742707551	"Linear regression"	"Beta coefficient"	854	0.00419753396087043
"Sex"	-0.0395718660762373	-0.233799835595695	0.15465610344322	0.689336095159121	"Linear regression"	"Beta coefficient"	854	0.00419753396087043
"SCZ_PRS"	0.0258177043879403	-0.0554580355864935	0.107093444362374	0.533133893191796	"Linear regression"	"Beta coefficient"	854	0.00419753396087043
"Rare_Deleterious_SNVs"	-0.000926932089601382	-0.100322524514746	0.0984686603355436	0.98540051574458	"Linear regression"	"Beta coefficient"	854	0.00419753396087043
"`Genes DEL`"	0.0173157346185636	-0.0512500073600593	0.0858814765971865	0.620247596457997	"Linear regression"	"Beta coefficient"	854	0.00419753396087043
"`Genes DUP`"	0.0393257842201223	-0.0181815819042279	0.0968331503444724	0.179884992961654	"Linear regression"	"Beta coefficient"	854	0.00419753396087043
"`STRs exonic`"	-0.0227444415103149	-0.0984445061398688	0.0529556231192391	0.555533566801619	"Linear regression"	"Beta coefficient"	854	0.00419753396087043
