"Variable"	"Log Odds Ratio"	"2.5% C.I."	"97.5% C.I."	"P-value"	"Test"	"metric"	"Num_samples"	"R2"
"(Intercept)"	-0.0995302842763709	-1.38249892533807	1.18343835678532	0.869479183947346	"Linear regression"	"Beta coefficient"	20	0.105720678588447
"Sex"	0.0164512605361987	-1.51622568928651	1.54912821035891	0.98185190965649	"Linear regression"	"Beta coefficient"	20	0.105720678588447
"SCZ_PRS"	-0.288821555810613	-1.07273102690373	0.495087915282502	0.440348112264212	"Linear regression"	"Beta coefficient"	20	0.105720678588447
"Rare_Deleterious_SNVs_LOEUF"	0.0628824363815082	-0.667061667621093	0.792826540384109	0.855231871682324	"Linear regression"	"Beta coefficient"	20	0.105720678588447
"`DELs LOEUF<0.35`"	-0.222804364652749	-0.853842954336698	0.4082342250312	0.459216422157987	"Linear regression"	"Beta coefficient"	20	0.105720678588447
"`DUPs LOEUF<0.35`"	0.0455766402836992	-0.556848687691378	0.648001968258776	0.872683027852094	"Linear regression"	"Beta coefficient"	20	0.105720678588447
"`STRs exonic LOEUF<0.35`"	-0.157518766495182	-0.944158718392171	0.629121185401808	0.672397007524914	"Linear regression"	"Beta coefficient"	20	0.105720678588447
