"Variable"	"Log Odds Ratio"	"2.5% C.I."	"97.5% C.I."	"P-value"	"Test"	"metric"	"Num_samples"	"R2"
"(Intercept)"	0.0086925935793122	-0.171098475739019	0.188483662897643	0.924419448370082	"Linear regression"	"Beta coefficient"	854	0.0115040293560423
"Sex"	-0.062406930257841	-0.256642165419426	0.131828304903744	0.528453250126765	"Linear regression"	"Beta coefficient"	854	0.0115040293560423
"SCZ_PRS"	0.0332250186532343	-0.0381620490844243	0.104612086390893	0.361232661542613	"Linear regression"	"Beta coefficient"	854	0.0115040293560423
"Rare_Deleterious_SNVs_LOEUF"	0.0667626806800286	-0.00760643009370024	0.141131791453757	0.0784269673557427	"Linear regression"	"Beta coefficient"	854	0.0115040293560423
"`DELs LOEUF<0.35`"	0.00236094707358201	-0.0615456382895781	0.0662675324367422	0.942211590691303	"Linear regression"	"Beta coefficient"	854	0.0115040293560423
"`DUPs LOEUF<0.35`"	0.0408020050860012	-0.0163790797737845	0.0979830899457867	0.161715267805582	"Linear regression"	"Beta coefficient"	854	0.0115040293560423
"`STRs exonic LOEUF<0.35`"	-0.0768897532904509	-0.147338994907513	-0.0064405116733892	0.0324614308455746	"Linear regression"	"Beta coefficient"	854	0.0115040293560423
