"Variable"	"Log Odds Ratio"	"2.5% C.I."	"97.5% C.I."	"P-value"	"Test"	"metric"	"Num_samples"	"R2"
"(Intercept)"	0.127260727435807	-1.18782985285306	1.44235130772467	0.8385690585977	"Linear regression"	"Beta coefficient"	21	0.119860966440298
"Sex"	-0.179327447722172	-1.64002758614091	1.28137269069657	0.796146282934593	"Linear regression"	"Beta coefficient"	21	0.119860966440298
"SCZ_PRS"	-0.0882135546143254	-0.759003978728551	0.5825768694999	0.782028580427603	"Linear regression"	"Beta coefficient"	21	0.119860966440298
"Rare_Deleterious_SNVs"	-0.139971431629444	-0.811589610300861	0.531646747041972	0.66171708526342	"Linear regression"	"Beta coefficient"	21	0.119860966440298
"`Genes DEL`"	-0.261446154471943	-0.800937530067314	0.278045221123428	0.316238568562008	"Linear regression"	"Beta coefficient"	21	0.119860966440298
"`Genes DUP`"	0.0528030731813969	-0.513878920965479	0.619485067328272	0.844471762188683	"Linear regression"	"Beta coefficient"	21	0.119860966440298
"`STRs exonic`"	-0.235874227249205	-0.865221857951292	0.393473403452882	0.434922055269689	"Linear regression"	"Beta coefficient"	21	0.119860966440298
