"Variable"	"Log Odds Ratio"	"2.5% C.I."	"97.5% C.I."	"P-value"	"Test"	"metric"	"Num_samples"	"R2"
"(Intercept)"	0.269556290104842	-0.994466773879009	1.53357935408869	0.644883209650202	"Linear regression"	"Beta coefficient"	17	0.342630341719486
"Sex"	-0.417096835587536	-1.95056296630043	1.11636929512536	0.557989837465945	"Linear regression"	"Beta coefficient"	17	0.342630341719486
"SCZ_PRS"	0.207010238997171	-0.592959962857988	1.00698044085233	0.576969760344845	"Linear regression"	"Beta coefficient"	17	0.342630341719486
"Rare_Deleterious_SNVs"	0.539890044014748	-0.135822746270911	1.21560283430041	0.105381099015323	"Linear regression"	"Beta coefficient"	17	0.342630341719486
"`Genes DEL`"	-0.0733336496162704	-0.591961505662972	0.445294206430431	0.759193987879472	"Linear regression"	"Beta coefficient"	17	0.342630341719486
"`Genes DUP`"	0.212147138870404	-0.382078948556924	0.806373226297731	0.444807357827677	"Linear regression"	"Beta coefficient"	17	0.342630341719486
"`STRs exonic`"	0.377107730829515	-0.436710018775251	1.19092548043428	0.326172504019243	"Linear regression"	"Beta coefficient"	17	0.342630341719486
