"Variable"	"Log Odds Ratio"	"2.5% C.I."	"97.5% C.I."	"P-value"	"Test"	"metric"	"Num_samples"	"R2"
"(Intercept)"	-0.111836829348029	-0.274787395922752	0.0511137372266938	0.178310352031992	"Linear regression"	"Beta coefficient"	855	0.0585410525435871
"Sex"	0.306292315435152	0.130154145008634	0.48243048586167	0.000672679590163756	"Linear regression"	"Beta coefficient"	855	0.0585410525435871
"SCZ_PRS"	0.11590229392974	0.0509538925240031	0.180850695335477	0.000484805987536073	"Linear regression"	"Beta coefficient"	855	0.0585410525435871
"Rare_Deleterious_SNVs_LOEUF"	-0.0566113708485907	-0.124300981120197	0.0110782394230153	0.101057268130273	"Linear regression"	"Beta coefficient"	855	0.0585410525435871
"`DELs LOEUF<0.35`"	-0.137693595153776	-0.195861053872805	-0.0795261364347473	3.91740147377657e-06	"Linear regression"	"Beta coefficient"	855	0.0585410525435871
"`DUPs LOEUF<0.35`"	0.0182439032412181	-0.033804339035472	0.0702921455179083	0.491649254554317	"Linear regression"	"Beta coefficient"	855	0.0585410525435871
"`STRs exonic LOEUF<0.35`"	0.0294801037326436	-0.0346325687458034	0.0935927762110905	0.367040635532831	"Linear regression"	"Beta coefficient"	855	0.0585410525435871
