"Variable"	"Log Odds Ratio"	"2.5% C.I."	"97.5% C.I."	"P-value"	"Test"	"metric"	"Num_samples"	"R2"
"(Intercept)"	0.275872479152945	-0.678806700980319	1.23055165928621	0.567792290150575	"Linear regression"	"Beta coefficient"	105	0.00609701474680292
"Sex"	-0.168107052423081	-0.681553767618274	0.345339662772112	0.51753047516261	"Linear regression"	"Beta coefficient"	105	0.00609701474680292
"All_rare_del_var"	-0.0485825160913514	-0.243694246837791	0.146529214655088	0.622447705611285	"Linear regression"	"Beta coefficient"	105	0.00609701474680292
