"Variable"	"Log Odds Ratio"	"2.5% C.I."	"97.5% C.I."	"P-value"	"Test"	"metric"	"Num_samples"	"R2"
"(Intercept)"	0.300406621629473	-0.656739927573469	1.25755317083241	0.534980860288684	"Linear regression"	"Beta coefficient"	105	0.00912490794757445
"Sex"	-0.181581838207201	-0.696439056234021	0.333275379819618	0.485802671399412	"Linear regression"	"Beta coefficient"	105	0.00912490794757445
"`STRs exonic LOEUF<0.35`"	-0.0741656273243736	-0.27138801000115	0.123056755352403	0.45744645563466	"Linear regression"	"Beta coefficient"	105	0.00912490794757445
