"Variable"	"Log Odds Ratio"	"2.5% C.I."	"97.5% C.I."	"P-value"	"Test"	"metric"	"Num_samples"	"R2"
"(Intercept)"	0.24209104664556	-0.759604753247596	1.24378684653872	0.632439020508347	"Linear regression"	"Beta coefficient"	101	-0.0220855180912589
"Sex"	-0.146838151052818	-0.683457061765639	0.389780759660003	0.588202284116908	"Linear regression"	"Beta coefficient"	101	-0.0220855180912589
"SCZ_PRS"	-0.0617716310093381	-0.292181268161132	0.168638006142456	0.59576830541216	"Linear regression"	"Beta coefficient"	101	-0.0220855180912589
"Rare_Deleterious_SNVs"	-0.163180459097134	-0.397268960853411	0.0709080426591428	0.169609516521695	"Linear regression"	"Beta coefficient"	101	-0.0220855180912589
"`Genes DEL`"	-0.125070194118044	-0.338956718884731	0.0888163306486429	0.248567495166873	"Linear regression"	"Beta coefficient"	101	-0.0220855180912589
"`Genes DUP`"	-0.0448649537901663	-0.219261290763681	0.129531383183349	0.610693612492955	"Linear regression"	"Beta coefficient"	101	-0.0220855180912589
"`STRs exonic`"	-0.0136612568279299	-0.229868710119158	0.202546196463298	0.900429667813127	"Linear regression"	"Beta coefficient"	101	-0.0220855180912589
