"Variable"	"Log Odds Ratio"	"2.5% C.I."	"97.5% C.I."	"P-value"	"Test"	"metric"	"Num_samples"	"R2"
"(Intercept)"	0.487309171201216	-0.623147103598718	1.59776544600115	0.382302846201237	"Linear regression"	"Beta coefficient"	57	-0.036811751555788
"Sex"	-0.322276306620712	-0.936769456321171	0.292216843079746	0.297218910211986	"Linear regression"	"Beta coefficient"	57	-0.036811751555788
"SCZ_PRS"	0.0824542388711027	-0.155846084224946	0.320754561967151	0.490284412962388	"Linear regression"	"Beta coefficient"	57	-0.036811751555788
"Rare_Deleterious_SNVs_LOEUF"	0.190230751455261	-0.0614197861307147	0.441881289041236	0.135228312310392	"Linear regression"	"Beta coefficient"	57	-0.036811751555788
"`DELs LOEUF<0.35`"	0.025581443193345	-0.22729500888589	0.27845789527258	0.839811567267924	"Linear regression"	"Beta coefficient"	57	-0.036811751555788
"`DUPs LOEUF<0.35`"	0.0148297320320339	-0.215825408246581	0.245484872310649	0.89776636673419	"Linear regression"	"Beta coefficient"	57	-0.036811751555788
"`STRs exonic LOEUF<0.35`"	-0.0431812520730779	-0.302045458184633	0.215682954038477	0.738990036827378	"Linear regression"	"Beta coefficient"	57	-0.036811751555788
