"Variable"	"Log Odds Ratio"	"2.5% C.I."	"97.5% C.I."	"P-value"	"Test"	"metric"	"Num_samples"	"R2"
"(Intercept)"	0.0350582238191842	-0.112668370565363	0.182784818203731	0.641577220003215	"Linear regression"	"Beta coefficient"	1177	0.000344882741182131
"Sex"	-0.0438604554749733	-0.203995278383418	0.116274367433471	0.591105356091527	"Linear regression"	"Beta coefficient"	1177	0.000344882741182131
"`DELs LOEUF<0.35`"	0.00912390666685002	-0.0478021620466856	0.0660499753803856	0.753227405167715	"Linear regression"	"Beta coefficient"	1177	0.000344882741182131
