"Variable"	"Log Odds Ratio"	"2.5% C.I."	"97.5% C.I."	"P-value"	"Test"	"metric"	"Num_samples"	"R2"
"(Intercept)"	0.013937532132014	-0.169310327102407	0.197185391366435	0.881363676850667	"Linear regression"	"Beta coefficient"	850	-0.00601266814440282
"Sex"	-0.0622560016360296	-0.260139585262227	0.135627581990168	0.537065581829596	"Linear regression"	"Beta coefficient"	850	-0.00601266814440282
"SCZ_PRS"	-0.00615055207084983	-0.0890049955080182	0.0767038913663186	0.884190187149421	"Linear regression"	"Beta coefficient"	850	-0.00601266814440282
"Rare_Deleterious_SNVs"	-0.0139421932633709	-0.114894309328899	0.0870099228021576	0.786400534649623	"Linear regression"	"Beta coefficient"	850	-0.00601266814440282
"`Genes DEL`"	-0.00151483322000645	-0.0711157948811562	0.0680861284411433	0.965935604136537	"Linear regression"	"Beta coefficient"	850	-0.00601266814440282
"`Genes DUP`"	0.0153260876284109	-0.0430455635508991	0.0736977388077208	0.606444305419499	"Linear regression"	"Beta coefficient"	850	-0.00601266814440282
"`STRs exonic`"	-0.0141194400337488	-0.0910543652641144	0.0628154851966167	0.718773972174401	"Linear regression"	"Beta coefficient"	850	-0.00601266814440282
