"Variable"	"Log Odds Ratio"	"2.5% C.I."	"97.5% C.I."	"P-value"	"Test"	"metric"	"Num_samples"	"R2"
"(Intercept)"	-0.803761076552769	-1.80696711360232	0.199444960496784	0.109209180591513	"Linear regression"	"Beta coefficient"	20	0.131474324609361
"Sex"	1.04801831529704	-0.141982830412152	2.23801946100623	0.0805622625368476	"Linear regression"	"Beta coefficient"	20	0.131474324609361
"`STRs exonic`"	-0.0526451610051205	-0.581317043399776	0.476026721389535	0.836090542974524	"Linear regression"	"Beta coefficient"	20	0.131474324609361
