"Variable"	"Log Odds Ratio"	"2.5% C.I."	"97.5% C.I."	"P-value"	"Test"	"metric"	"Num_samples"	"R2"
"(Intercept)"	-0.565662894036814	-1.4780255143073	0.34669972623367	0.221588350994359	"Linear regression"	"Beta coefficient"	105	0.0323259363973217
"Sex"	0.365862954733408	-0.12431901066138	0.856044920128197	0.141820430285816	"Linear regression"	"Beta coefficient"	105	0.0323259363973217
"SCZ_PRS"	0.107312851157674	-0.089856337092776	0.304482039408125	0.282855810642661	"Linear regression"	"Beta coefficient"	105	0.0323259363973217
"All_rare_del_var"	0.0650163701113904	-0.121581624558134	0.251614364780915	0.491030701656567	"Linear regression"	"Beta coefficient"	105	0.0323259363973217
