"Variable"	"Log Odds Ratio"	"2.5% C.I."	"97.5% C.I."	"P-value"	"Test"	"metric"	"Num_samples"	"R2"
"(Intercept)"	0.543521281094691	-0.779157830017731	1.86620039220711	0.41118060800333	"Linear regression"	"Beta coefficient"	47	0.0518108275520427
"Sex"	-0.216388722778151	-0.960358798512838	0.527581352956536	0.55994171927891	"Linear regression"	"Beta coefficient"	47	0.0518108275520427
"SCZ_PRS"	-0.138524003610798	-0.471799225594519	0.194751218372924	0.40587426916251	"Linear regression"	"Beta coefficient"	47	0.0518108275520427
"Rare_Deleterious_SNVs"	-0.0461940051623839	-0.402974825222849	0.310586814898081	0.794912770917381	"Linear regression"	"Beta coefficient"	47	0.0518108275520427
"`Genes DEL`"	-0.101166663531158	-0.383377848212904	0.181044521150588	0.472968145367715	"Linear regression"	"Beta coefficient"	47	0.0518108275520427
"`Genes DUP`"	0.144056165701031	-0.115089521616901	0.403201853018964	0.26792600053226	"Linear regression"	"Beta coefficient"	47	0.0518108275520427
"`STRs exonic`"	-0.065950260545587	-0.401769341293904	0.26986882020273	0.693542612462223	"Linear regression"	"Beta coefficient"	47	0.0518108275520427
