"Variable"	"Log Odds Ratio"	"2.5% C.I."	"97.5% C.I."	"P-value"	"Test"	"metric"	"Num_samples"	"R2"
"(Intercept)"	-0.139561364829247	-0.287740250853071	0.00861752119457704	0.0648704177985787	"Linear regression"	"Beta coefficient"	1179	0.00364401702535406
"Sex"	0.162227016717924	0.00155615326185846	0.322897880173989	0.0478255223764948	"Linear regression"	"Beta coefficient"	1179	0.00364401702535406
"`Genes DEL`"	0.0200598937668377	-0.0371980932765122	0.0773178808101875	0.491987844134953	"Linear regression"	"Beta coefficient"	1179	0.00364401702535406
