"Variable"	"Log Odds Ratio"	"2.5% C.I."	"97.5% C.I."	"P-value"	"Test"	"metric"	"Num_samples"	"R2"
"(Intercept)"	0.975100518310494	0.0776022643769093	1.87259877224408	0.0336205262801999	"Linear regression"	"Beta coefficient"	78	0.13685964103868
"Sex"	-0.554481635138752	-1.05100788426216	-0.0579553860153494	0.0291142988965461	"Linear regression"	"Beta coefficient"	78	0.13685964103868
"`Genes DUP`"	-0.260488869241185	-0.473801600415369	-0.047176138067001	0.0173717659132811	"Linear regression"	"Beta coefficient"	78	0.13685964103868
