"Variable"	"Log Odds Ratio"	"2.5% C.I."	"97.5% C.I."	"P-value"	"Test"	"metric"	"Num_samples"	"R2"
"(Intercept)"	0.0897872066496502	-1.19851976331429	1.37809417661359	0.881828266098648	"Linear regression"	"Beta coefficient"	19	0.507325558237197
"Sex"	-0.240344292859108	-1.67803170144208	1.19734311572386	0.722015118930525	"Linear regression"	"Beta coefficient"	19	0.507325558237197
"SCZ_PRS"	-0.36017484376015	-0.901347769559502	0.180998082039202	0.172661419522563	"Linear regression"	"Beta coefficient"	19	0.507325558237197
"Rare_Deleterious_SNVs"	-0.330589148274857	-0.945205890840866	0.284027594291151	0.26396496153351	"Linear regression"	"Beta coefficient"	19	0.507325558237197
"`Genes DEL`"	-0.66542005839212	-1.12426659778735	-0.206573518996894	0.00822515286937268	"Linear regression"	"Beta coefficient"	19	0.507325558237197
"`Genes DUP`"	-0.0620721099190505	-1.69663021795037	1.57248599811227	0.935422347651051	"Linear regression"	"Beta coefficient"	19	0.507325558237197
"`STRs exonic`"	-0.0210669830704805	-0.569684328665256	0.527550362524295	0.934700952578247	"Linear regression"	"Beta coefficient"	19	0.507325558237197
