"Variable"	"Log Odds Ratio"	"2.5% C.I."	"97.5% C.I."	"P-value"	"Test"	"metric"	"Num_samples"	"R2"
"(Intercept)"	-0.847692679556828	-2.55348199975699	0.858096640643339	0.300191606134359	"Linear regression"	"Beta coefficient"	19	0.134886974034548
"Sex"	0.884205190559707	-1.10765233502493	2.87606271614434	0.352535269452171	"Linear regression"	"Beta coefficient"	19	0.134886974034548
"SCZ_PRS"	0.0407459371342924	-0.827779547997644	0.909271422266229	0.920272920736604	"Linear regression"	"Beta coefficient"	19	0.134886974034548
"Rare_Deleterious_SNVs_LOEUF"	0.177255576617017	-0.632424306865153	0.986935460099187	0.641940364469658	"Linear regression"	"Beta coefficient"	19	0.134886974034548
"`DELs LOEUF<0.35`"	0.299896404403051	-0.420909375995332	1.02070218480143	0.382507679347512	"Linear regression"	"Beta coefficient"	19	0.134886974034548
"`DUPs LOEUF<0.35`"	-0.04846700875505	-0.716925979880379	0.619991962370279	0.877102845688988	"Linear regression"	"Beta coefficient"	19	0.134886974034548
"`STRs exonic LOEUF<0.35`"	0.432905848314975	-0.454765742189708	1.32057743881966	0.308889715871795	"Linear regression"	"Beta coefficient"	19	0.134886974034548
