"Variable"	"Log Odds Ratio"	"2.5% C.I."	"97.5% C.I."	"P-value"	"Test"	"metric"	"Num_samples"	"R2"
"(Intercept)"	1.01637717223252	-0.00364431188875836	2.03639865635379	0.050794736346408	"Linear regression"	"Beta coefficient"	57	0.0665936577275813
"Sex"	-0.567858290357651	-1.13395252528278	-0.0017640554325179	0.0493156052329276	"Linear regression"	"Beta coefficient"	57	0.0665936577275813
"SCZ_PRS"	-0.208239604777303	-0.441352213383772	0.0248730038291661	0.0788853235027549	"Linear regression"	"Beta coefficient"	57	0.0665936577275813
"All_rare_del_var"	-0.0728451722890179	-0.330975917285785	0.185285572707749	0.573764495046636	"Linear regression"	"Beta coefficient"	57	0.0665936577275813
