"Variable"	"Log Odds Ratio"	"2.5% C.I."	"97.5% C.I."	"P-value"	"Test"	"metric"	"Num_samples"	"R2"
"(Intercept)"	-0.415955773445046	-1.5470528667176	0.715141319827511	0.443418745321179	"Linear regression"	"Beta coefficient"	21	0.351680812327056
"Sex"	0.545525781479873	-0.710808729216223	1.80186029217597	0.367476062279943	"Linear regression"	"Beta coefficient"	21	0.351680812327056
"SCZ_PRS"	-0.0940351482137485	-0.670975710546731	0.482905414119234	0.731858626857451	"Linear regression"	"Beta coefficient"	21	0.351680812327056
"Rare_Deleterious_SNVs"	-0.48155533524441	-1.05920784152073	0.0960971710319135	0.0954354214100432	"Linear regression"	"Beta coefficient"	21	0.351680812327056
"`Genes DEL`"	-0.316911813088055	-0.78092329330678	0.147099667130669	0.165055268514302	"Linear regression"	"Beta coefficient"	21	0.351680812327056
"`Genes DUP`"	-0.0855561631161321	-0.572954039731319	0.401841713499055	0.71219815114754	"Linear regression"	"Beta coefficient"	21	0.351680812327056
"`STRs exonic`"	-0.462938741369841	-1.00423474516962	0.0783572624299428	0.0879463483024811	"Linear regression"	"Beta coefficient"	21	0.351680812327056
