"Variable"	"Log Odds Ratio"	"2.5% C.I."	"97.5% C.I."	"P-value"	"Test"	"metric"	"Num_samples"	"R2"
"(Intercept)"	0.0183413131208132	-0.161825462278312	0.198508088519938	0.841683813862965	"Linear regression"	"Beta coefficient"	898	-0.00191159901785909
"Sex"	-0.0264183588610222	-0.22081268627102	0.167975968548976	0.789745028592163	"Linear regression"	"Beta coefficient"	898	-0.00191159901785909
"All_rare_del_var"	-0.0165695118381176	-0.0836822105783167	0.0505431869020816	0.62811239680064	"Linear regression"	"Beta coefficient"	898	-0.00191159901785909
