"Variable"	"Log Odds Ratio"	"2.5% C.I."	"97.5% C.I."	"P-value"	"Test"	"metric"	"Num_samples"	"R2"
"(Intercept)"	-0.135087032511576	-0.283265652108771	0.0130915870856182	0.0739298239560386	"Linear regression"	"Beta coefficient"	1179	0.00395566445968122
"Sex"	0.15697274724444	-0.00370241998748944	0.31764791447637	0.0555088371047095	"Linear regression"	"Beta coefficient"	1179	0.00395566445968122
"`DUPs LOEUF<0.35`"	-0.0267568297457865	-0.0840156526260211	0.0305019931344482	0.35942111719264	"Linear regression"	"Beta coefficient"	1179	0.00395566445968122
