"Variable"	"Log Odds Ratio"	"2.5% C.I."	"97.5% C.I."	"P-value"	"Test"	"metric"	"Num_samples"	"R2"
"(Intercept)"	0.0632358198394028	-0.0826822889518139	0.209153928630619	0.395370344110194	"Linear regression"	"Beta coefficient"	1234	0.000718631607947958
"Sex"	-0.0741066631916101	-0.23207316648038	0.0838598400971597	0.357554108527579	"Linear regression"	"Beta coefficient"	1234	0.000718631607947958
"Rare_Deleterious_SNVs_LOEUF"	0.00502930526585834	-0.0508162033418254	0.0608748138735421	0.859786365387828	"Linear regression"	"Beta coefficient"	1234	0.000718631607947958
