"Variable"	"Log Odds Ratio"	"2.5% C.I."	"97.5% C.I."	"P-value"	"Test"	"metric"	"Num_samples"	"R2"
"(Intercept)"	0.113339363160388	-1.16043413909264	1.38711286541342	0.85138965416747	"Linear regression"	"Beta coefficient"	21	0.205911153958185
"Sex"	-0.194099320279732	-1.62365820557982	1.23545956502036	0.775160734982116	"Linear regression"	"Beta coefficient"	21	0.205911153958185
"SCZ_PRS"	0.32968424906917	-0.278048117070664	0.937416615209004	0.264070229700503	"Linear regression"	"Beta coefficient"	21	0.205911153958185
"Rare_Deleterious_SNVs_LOEUF"	0.143471490387982	-0.472796169881086	0.75973915065705	0.625307626069174	"Linear regression"	"Beta coefficient"	21	0.205911153958185
"`DELs LOEUF<0.35`"	0.267721239214968	-0.323733821620598	0.859176300050533	0.348105889112485	"Linear regression"	"Beta coefficient"	21	0.205911153958185
"`DUPs LOEUF<0.35`"	-0.213606070113586	-0.768398065557274	0.341185925330102	0.422775110245558	"Linear regression"	"Beta coefficient"	21	0.205911153958185
"`STRs exonic LOEUF<0.35`"	0.0331883732861843	-0.639199746687832	0.7055764932602	0.917191837425737	"Linear regression"	"Beta coefficient"	21	0.205911153958185
