"Variable"	"Log Odds Ratio"	"2.5% C.I."	"97.5% C.I."	"P-value"	"Test"	"metric"	"Num_samples"	"R2"
"(Intercept)"	-0.0416434970862501	-0.225114449301391	0.141827455128891	0.656071339987975	"Linear regression"	"Beta coefficient"	854	0.0154787561429066
"Sex"	0.0714796925325915	-0.126731062228154	0.269690447293337	0.479249986906956	"Linear regression"	"Beta coefficient"	854	0.0154787561429066
"SCZ_PRS"	0.0769991990465306	0.00415101285278154	0.14984738524028	0.0383241304978352	"Linear regression"	"Beta coefficient"	854	0.0154787561429066
"Rare_Deleterious_SNVs_LOEUF"	0.0473664881294632	-0.0285247762185496	0.123257752477476	0.220902565156741	"Linear regression"	"Beta coefficient"	854	0.0154787561429066
"`DELs LOEUF<0.35`"	-0.0413064841916227	-0.106521080855695	0.0239081124724495	0.214136523854095	"Linear regression"	"Beta coefficient"	854	0.0154787561429066
"`DUPs LOEUF<0.35`"	0.0596994208800151	0.00134797924447654	0.118050862515554	0.0449486102001567	"Linear regression"	"Beta coefficient"	854	0.0154787561429066
"`STRs exonic LOEUF<0.35`"	-0.0411964018919068	-0.113087566961022	0.0306947631772085	0.26101703353005	"Linear regression"	"Beta coefficient"	854	0.0154787561429066
