"Variable"	"Log Odds Ratio"	"2.5% C.I."	"97.5% C.I."	"P-value"	"Test"	"metric"	"Num_samples"	"R2"
"(Intercept)"	-0.135347916862079	-0.283520886753749	0.0128250530295918	0.0733635924585729	"Linear regression"	"Beta coefficient"	1179	0.00388636020815136
"Sex"	0.157279898079254	-0.00338704680283972	0.317946842961347	0.0550209215175556	"Linear regression"	"Beta coefficient"	1179	0.00388636020815136
"`Genes DUP`"	-0.0254190207262878	-0.0826749908275953	0.0318369493750196	0.383915301121217	"Linear regression"	"Beta coefficient"	1179	0.00388636020815136
