"Variable"	"Log Odds Ratio"	"2.5% C.I."	"97.5% C.I."	"P-value"	"Test"	"metric"	"Num_samples"	"R2"
"(Intercept)"	-0.112323560620596	-0.275438664925984	0.0507915436847927	0.176866824274476	"Linear regression"	"Beta coefficient"	855	0.0500891524561262
"Sex"	0.299979011246648	0.123637912130762	0.476320110362534	0.000877733405183562	"Linear regression"	"Beta coefficient"	855	0.0500891524561262
"SCZ_PRS"	0.111536750680573	0.0375685948227553	0.185504906538392	0.00316553790861324	"Linear regression"	"Beta coefficient"	855	0.0500891524561262
"Rare_Deleterious_SNVs"	-0.039820959313193	-0.130343416594601	0.0507014979682153	0.38814889319851	"Linear regression"	"Beta coefficient"	855	0.0500891524561262
"`Genes DEL`"	-0.127108046538437	-0.189565524651872	-0.0646505684250024	7.04740870628155e-05	"Linear regression"	"Beta coefficient"	855	0.0500891524561262
"`Genes DUP`"	0.0121852421268116	-0.0401942456433418	0.064564729896965	0.648071423341312	"Linear regression"	"Beta coefficient"	855	0.0500891524561262
"`STRs exonic`"	0.0171178572275782	-0.0518374365334726	0.086073150988629	0.626208427457196	"Linear regression"	"Beta coefficient"	855	0.0500891524561262
