"Variable"	"Log Odds Ratio"	"2.5% C.I."	"97.5% C.I."	"P-value"	"Test"	"metric"	"Num_samples"	"R2"
"(Intercept)"	0.0137979096537414	-0.168854528444021	0.196450347751503	0.882163837742825	"Linear regression"	"Beta coefficient"	850	0.0006133542785139
"Sex"	-0.0585856908562731	-0.255798836169034	0.138627454456488	0.559997174569173	"Linear regression"	"Beta coefficient"	850	0.0006133542785139
"SCZ_PRS"	0.00742915842856367	-0.0626946816858737	0.077552998543001	0.835323713594374	"Linear regression"	"Beta coefficient"	850	0.0006133542785139
"All_rare_del_var"	0.012696439095257	-0.0564806427308874	0.0818735209214015	0.718759054518599	"Linear regression"	"Beta coefficient"	850	0.0006133542785139
