"Variable"	"Log Odds Ratio"	"2.5% C.I."	"97.5% C.I."	"P-value"	"Test"	"metric"	"Num_samples"	"R2"
"(Intercept)"	-0.668418760683204	-1.77918784847233	0.442350327105926	0.235198366008632	"Linear regression"	"Beta coefficient"	102	-0.0327328144846817
"Sex"	0.299806784225471	-0.290162197185359	0.889775765636301	0.315608042616766	"Linear regression"	"Beta coefficient"	102	-0.0327328144846817
"SCZ_PRS"	-0.086735003937561	-0.332936499866216	0.159466491991094	0.486017547967985	"Linear regression"	"Beta coefficient"	102	-0.0327328144846817
"Rare_Deleterious_SNVs"	-0.145311947331337	-0.391615681188814	0.10099178652614	0.244431798534944	"Linear regression"	"Beta coefficient"	102	-0.0327328144846817
"`Genes DEL`"	0.0129995255223096	-0.210979809207394	0.236978860252013	0.908512446154407	"Linear regression"	"Beta coefficient"	102	-0.0327328144846817
"`Genes DUP`"	0.0517890165205876	-0.130747003760848	0.234325036802023	0.574588771902554	"Linear regression"	"Beta coefficient"	102	-0.0327328144846817
"`STRs exonic`"	0.032132503879255	-0.191791145371469	0.256056153129979	0.776357156581818	"Linear regression"	"Beta coefficient"	102	-0.0327328144846817
