"Variable"	"Log Odds Ratio"	"2.5% C.I."	"97.5% C.I."	"P-value"	"Test"	"metric"	"Num_samples"	"R2"
"(Intercept)"	-0.441623079357738	-1.40410894741708	0.520862788701609	0.363620848748182	"Linear regression"	"Beta coefficient"	78	0.011676946465891
"Sex"	0.251466475305775	-0.281079844932403	0.784012795543953	0.349897225712882	"Linear regression"	"Beta coefficient"	78	0.011676946465891
"`DUPs LOEUF<0.35`"	-0.015931794962608	-0.244634737074978	0.212771147149762	0.89000158094172	"Linear regression"	"Beta coefficient"	78	0.011676946465891
