"Variable"	"Log Odds Ratio"	"2.5% C.I."	"97.5% C.I."	"P-value"	"Test"	"metric"	"Num_samples"	"R2"
"(Intercept)"	-0.789776457042624	-1.86229149101505	0.282738576929806	0.146988094370492	"Linear regression"	"Beta coefficient"	98	0.000568338439121518
"Sex"	0.449640853443152	-0.124767189779415	1.02404889666572	0.123437185086727	"Linear regression"	"Beta coefficient"	98	0.000568338439121518
"SCZ_PRS"	-0.0342852409450154	-0.264167867653546	0.195597385763515	0.767711915810153	"Linear regression"	"Beta coefficient"	98	0.000568338439121518
"Rare_Deleterious_SNVs_LOEUF"	0.146441813823829	-0.0740047868573955	0.366888414505053	0.190298049773424	"Linear regression"	"Beta coefficient"	98	0.000568338439121518
"`DELs LOEUF<0.35`"	-0.00360012341995231	-0.225504720095938	0.218304473256033	0.974362021527545	"Linear regression"	"Beta coefficient"	98	0.000568338439121518
"`DUPs LOEUF<0.35`"	-0.00785380176175855	-0.179773087805533	0.164065484282016	0.92789559643207	"Linear regression"	"Beta coefficient"	98	0.000568338439121518
"`STRs exonic LOEUF<0.35`"	0.0341892773002111	-0.177146181431346	0.245524736031768	0.748681551559971	"Linear regression"	"Beta coefficient"	98	0.000568338439121518
