"Variable"	"Log Odds Ratio"	"2.5% C.I."	"97.5% C.I."	"P-value"	"Test"	"metric"	"Num_samples"	"R2"
"(Intercept)"	-0.0522856264893183	-0.235372501176108	0.130801248197471	0.57527028806972	"Linear regression"	"Beta coefficient"	854	0.00530603849135847
"Sex"	0.0863956088859565	-0.111397522902855	0.284188740674768	0.391503331707341	"Linear regression"	"Beta coefficient"	854	0.00530603849135847
"SCZ_PRS"	0.0783661476504249	-0.00440145367789921	0.161133748978749	0.0634601455723819	"Linear regression"	"Beta coefficient"	854	0.00530603849135847
"Rare_Deleterious_SNVs"	0.0263394351249044	-0.0748806186109927	0.127559488860802	0.609658683961193	"Linear regression"	"Beta coefficient"	854	0.00530603849135847
"`Genes DEL`"	-0.0428665788006203	-0.112690883059831	0.0269577254585909	0.228545981873183	"Linear regression"	"Beta coefficient"	854	0.00530603849135847
"`Genes DUP`"	0.0553806452852491	-0.00318230048823036	0.113943591058729	0.0637846834045179	"Linear regression"	"Beta coefficient"	854	0.00530603849135847
"`STRs exonic`"	-0.0202747723674594	-0.0973643537327989	0.0568148089978801	0.605839979591518	"Linear regression"	"Beta coefficient"	854	0.00530603849135847
