"Variable"	"Log Odds Ratio"	"2.5% C.I."	"97.5% C.I."	"P-value"	"Test"	"metric"	"Num_samples"	"R2"
"(Intercept)"	-0.0627053150462445	-1.78556558473368	1.66015495464119	0.938100939139944	"Linear regression"	"Beta coefficient"	19	-0.304866028736406
"Sex"	-0.0347743100655459	-1.95740189357293	1.88785327344183	0.969213227249585	"Linear regression"	"Beta coefficient"	19	-0.304866028736406
"SCZ_PRS"	-0.202237710556969	-0.925951355385194	0.521475934271255	0.553970773398824	"Linear regression"	"Beta coefficient"	19	-0.304866028736406
"Rare_Deleterious_SNVs"	-0.305872354495945	-1.12780283499418	0.516058126002289	0.433255608257018	"Linear regression"	"Beta coefficient"	19	-0.304866028736406
"`Genes DEL`"	0.133848361776932	-0.479769736268234	0.747466459822098	0.643132611551039	"Linear regression"	"Beta coefficient"	19	-0.304866028736406
"`Genes DUP`"	0.391589466359915	-1.7943144280368	2.57749336075663	0.703140641563667	"Linear regression"	"Beta coefficient"	19	-0.304866028736406
"`STRs exonic`"	-0.0183136225126126	-0.751982732455466	0.715355487430241	0.957521935809083	"Linear regression"	"Beta coefficient"	19	-0.304866028736406
