"Variable"	"Log Odds Ratio"	"2.5% C.I."	"97.5% C.I."	"P-value"	"Test"	"metric"	"Num_samples"	"R2"
"(Intercept)"	0.407986465480984	-0.74798469768793	1.5639576286499	0.461613902041738	"Linear regression"	"Beta coefficient"	21	-0.00914292333825606
"Sex"	-0.527890032715034	-1.81185272194516	0.756072656515096	0.392767886550916	"Linear regression"	"Beta coefficient"	21	-0.00914292333825606
"SCZ_PRS"	-0.350077407212203	-0.939705527455881	0.239550713031475	0.22360852744512	"Linear regression"	"Beta coefficient"	21	-0.00914292333825606
"Rare_Deleterious_SNVs"	-0.00253667360985226	-0.592892394227707	0.587819047008002	0.992776965464679	"Linear regression"	"Beta coefficient"	21	-0.00914292333825606
"`Genes DEL`"	0.232391048031064	-0.241824555299921	0.706606651362049	0.311035843344818	"Linear regression"	"Beta coefficient"	21	-0.00914292333825606
"`Genes DUP`"	-0.259486775640412	-0.757603067962235	0.238629516681411	0.282675364131206	"Linear regression"	"Beta coefficient"	21	-0.00914292333825606
"`STRs exonic`"	0.0175925663733564	-0.535607132266787	0.5707922650135	0.946585140724354	"Linear regression"	"Beta coefficient"	21	-0.00914292333825606
