"Variable"	"Log Odds Ratio"	"2.5% C.I."	"97.5% C.I."	"P-value"	"Test"	"metric"	"Num_samples"	"R2"
"(Intercept)"	-0.096722961744762	-0.982152513693652	0.788706590204128	0.828830308816968	"Linear regression"	"Beta coefficient"	105	0.051346795911303
"Sex"	0.00617160036410231	-0.468714468176914	0.481057668905119	0.97947723360016	"Linear regression"	"Beta coefficient"	105	0.051346795911303
"SCZ_PRS"	0.0357357965244117	-0.172235431932214	0.243707024981037	0.733839576755954	"Linear regression"	"Beta coefficient"	105	0.051346795911303
"Rare_Deleterious_SNVs"	0.0617764944055214	-0.14934186256096	0.272894851372002	0.562785175433256	"Linear regression"	"Beta coefficient"	105	0.051346795911303
"`Genes DEL`"	0.0562084518320985	-0.137655821043016	0.250072724707213	0.566359305535391	"Linear regression"	"Beta coefficient"	105	0.051346795911303
"`Genes DUP`"	-0.0752506845076845	-0.23315933869911	0.0826579696837407	0.346632935819371	"Linear regression"	"Beta coefficient"	105	0.051346795911303
"`STRs exonic`"	0.160844617645905	-0.0328252511705057	0.354514486462316	0.10253088516461	"Linear regression"	"Beta coefficient"	105	0.051346795911303
