"Variable"	"Log Odds Ratio"	"2.5% C.I."	"97.5% C.I."	"P-value"	"Test"	"metric"	"Num_samples"	"R2"
"(Intercept)"	-0.122134184420977	-0.306377376211435	0.0621090073694809	0.193534501314425	"Linear regression"	"Beta coefficient"	751	0.0120035469948749
"Sex"	0.162056421284717	-0.037313871637294	0.361426714206728	0.110972462202653	"Linear regression"	"Beta coefficient"	751	0.0120035469948749
"SCZ_PRS"	-0.0619259314631704	-0.135204397667337	0.0113525347409958	0.0975334260467928	"Linear regression"	"Beta coefficient"	751	0.0120035469948749
"Rare_Deleterious_SNVs_LOEUF"	-0.0779116386094161	-0.154462025570251	-0.00136125164858157	0.0460729220445892	"Linear regression"	"Beta coefficient"	751	0.0120035469948749
"`DELs LOEUF<0.35`"	-0.0797471449316784	-0.146636378426512	-0.0128579114368448	0.0195197307024019	"Linear regression"	"Beta coefficient"	751	0.0120035469948749
"`DUPs LOEUF<0.35`"	-0.0329553812033042	-0.0884984956898085	0.0225877332832001	0.244473381519032	"Linear regression"	"Beta coefficient"	751	0.0120035469948749
"`STRs exonic LOEUF<0.35`"	0.021786096887725	-0.0512874665615199	0.09485966033697	0.558527300563745	"Linear regression"	"Beta coefficient"	751	0.0120035469948749
