"Variable"	"Log Odds Ratio"	"2.5% C.I."	"97.5% C.I."	"P-value"	"Test"	"metric"	"Num_samples"	"R2"
"(Intercept)"	0.136585364239457	-1.1793144129263	1.45248514140521	0.821766662117845	"Linear regression"	"Beta coefficient"	17	-0.107379341048385
"Sex"	-0.376904444130575	-2.00033280834549	1.24652392008434	0.616196814390995	"Linear regression"	"Beta coefficient"	17	-0.107379341048385
"SCZ_PRS"	-0.317599416674744	-1.14006451753703	0.504865684187546	0.409718460835786	"Linear regression"	"Beta coefficient"	17	-0.107379341048385
"Rare_Deleterious_SNVs_LOEUF"	-0.137321741931764	-0.857283777159829	0.582640293296302	0.679848291226542	"Linear regression"	"Beta coefficient"	17	-0.107379341048385
"`DELs LOEUF<0.35`"	-0.257600332121465	-0.855325144223128	0.340124479980197	0.35956842743411	"Linear regression"	"Beta coefficient"	17	-0.107379341048385
"`DUPs LOEUF<0.35`"	0.511394170467958	-0.112452412086452	1.13524075302237	0.0977330638115878	"Linear regression"	"Beta coefficient"	17	-0.107379341048385
"`STRs exonic LOEUF<0.35`"	-0.532986370069261	-1.30463339796609	0.23866065782757	0.154823683041345	"Linear regression"	"Beta coefficient"	17	-0.107379341048385
