"Variable"	"Log Odds Ratio"	"2.5% C.I."	"97.5% C.I."	"P-value"	"Test"	"metric"	"Num_samples"	"R2"
"(Intercept)"	0.44207013886195	-0.678821789986559	1.56296206771046	0.432010722097362	"Linear regression"	"Beta coefficient"	57	-0.0569519019237956
"Sex"	-0.288020970434746	-0.908991693570318	0.332949752700825	0.356011011107996	"Linear regression"	"Beta coefficient"	57	-0.0569519019237956
"SCZ_PRS"	0.134890303446208	-0.145389640166767	0.415170247059182	0.338367069623895	"Linear regression"	"Beta coefficient"	57	-0.0569519019237956
"Rare_Deleterious_SNVs"	0.186907956498271	-0.119015990810518	0.492831903807061	0.225511649933656	"Linear regression"	"Beta coefficient"	57	-0.0569519019237956
"`Genes DEL`"	0.0285910692115051	-0.220302284813525	0.277484423236535	0.81846703785594	"Linear regression"	"Beta coefficient"	57	-0.0569519019237956
"`Genes DUP`"	-0.0151666144425762	-0.246688147190385	0.216354918305233	0.895846456386053	"Linear regression"	"Beta coefficient"	57	-0.0569519019237956
"`STRs exonic`"	-0.0354050878570557	-0.318057428460016	0.247247252745904	0.802387271641173	"Linear regression"	"Beta coefficient"	57	-0.0569519019237956
