"Variable"	"Log Odds Ratio"	"2.5% C.I."	"97.5% C.I."	"P-value"	"Test"	"metric"	"Num_samples"	"R2"
"(Intercept)"	-0.384167953775835	-1.43130627923316	0.662970371681486	0.468279832625626	"Linear regression"	"Beta coefficient"	104	0.0509551828718848
"Sex"	0.163470491007245	-0.397365477602937	0.724306459617427	0.564267302969441	"Linear regression"	"Beta coefficient"	104	0.0509551828718848
"SCZ_PRS"	-0.00502749575000954	-0.223633550818964	0.213578559318945	0.963687353830453	"Linear regression"	"Beta coefficient"	104	0.0509551828718848
"Rare_Deleterious_SNVs_LOEUF"	-0.0386152333929539	-0.253858669510891	0.176628202724983	0.722565503905417	"Linear regression"	"Beta coefficient"	104	0.0509551828718848
"`DELs LOEUF<0.35`"	-0.0511847346979102	-0.25128552071197	0.148916051316149	0.612828948584974	"Linear regression"	"Beta coefficient"	104	0.0509551828718848
"`DUPs LOEUF<0.35`"	0.140421464720674	-0.0361235356546545	0.316966465096002	0.117678591428108	"Linear regression"	"Beta coefficient"	104	0.0509551828718848
"`STRs exonic LOEUF<0.35`"	0.144339936521715	-0.0630515544613409	0.35173142750477	0.170353130256829	"Linear regression"	"Beta coefficient"	104	0.0509551828718848
