"Variable"	"Log Odds Ratio"	"2.5% C.I."	"97.5% C.I."	"P-value"	"Test"	"metric"	"Num_samples"	"R2"
"(Intercept)"	0.063972817300139	-1.01428199491336	1.14222762951364	0.902740544760118	"Linear regression"	"Beta coefficient"	23	-0.067382817815955
"Sex"	-0.0774407788370108	-1.26394255184771	1.10906099417369	0.89306617479337	"Linear regression"	"Beta coefficient"	23	-0.067382817815955
"`Genes DUP`"	-0.168371216272736	-0.628203998130545	0.291461565585073	0.453908604053342	"Linear regression"	"Beta coefficient"	23	-0.067382817815955
