"Variable"	"Log Odds Ratio"	"2.5% C.I."	"97.5% C.I."	"P-value"	"Test"	"metric"	"Num_samples"	"R2"
"(Intercept)"	-0.166519910095052	-0.346977630766194	0.0139378105760898	0.0704683396801705	"Linear regression"	"Beta coefficient"	855	0.00330019193018893
"Sex"	0.195341906546454	0.000251985581694564	0.390431827511214	0.0497054858804679	"Linear regression"	"Beta coefficient"	855	0.00330019193018893
"SCZ_PRS"	-0.016732573121742	-0.0985651223831453	0.0650999761396613	0.688275963358097	"Linear regression"	"Beta coefficient"	855	0.00330019193018893
"Rare_Deleterious_SNVs"	0.0807594422753325	-0.0193874839098112	0.180906368460476	0.113841545551498	"Linear regression"	"Beta coefficient"	855	0.00330019193018893
"`Genes DEL`"	0.00468341186136195	-0.0644146289804994	0.0737814527032233	0.89419748071042	"Linear regression"	"Beta coefficient"	855	0.00330019193018893
"`Genes DUP`"	-0.0207089190173656	-0.0786574640842101	0.0372396260494788	0.483228205576401	"Linear regression"	"Beta coefficient"	855	0.00330019193018893
"`STRs exonic`"	-0.00671427025365985	-0.0830009832059513	0.0695724426986316	0.862889082767939	"Linear regression"	"Beta coefficient"	855	0.00330019193018893
