"Variable"	"Log Odds Ratio"	"2.5% C.I."	"97.5% C.I."	"P-value"	"Test"	"metric"	"Num_samples"	"R2"
"(Intercept)"	-0.324884952769393	-1.5862709882281	0.936501082689317	0.589375164596728	"Linear regression"	"Beta coefficient"	21	-0.130893462889935
"Sex"	0.460865278187069	-0.954791125085527	1.87652168145966	0.496466473713458	"Linear regression"	"Beta coefficient"	21	-0.130893462889935
"SCZ_PRS"	0.0981047948328179	-0.503717364749828	0.699926954415463	0.731821434616137	"Linear regression"	"Beta coefficient"	21	-0.130893462889935
"Rare_Deleterious_SNVs_LOEUF"	-0.231329018972938	-0.841603466818846	0.378945428872971	0.429829249071491	"Linear regression"	"Beta coefficient"	21	-0.130893462889935
"`DELs LOEUF<0.35`"	-0.371584337258239	-0.957287488579694	0.214118814063216	0.19511132407133	"Linear regression"	"Beta coefficient"	21	-0.130893462889935
"`DUPs LOEUF<0.35`"	-0.158620959399346	-0.708017594200695	0.390775675402002	0.545704310557207	"Linear regression"	"Beta coefficient"	21	-0.130893462889935
"`STRs exonic LOEUF<0.35`"	-0.307990162598777	-0.973839297820529	0.357858972622975	0.337998224125392	"Linear regression"	"Beta coefficient"	21	-0.130893462889935
