"Variable"	"Log Odds Ratio"	"2.5% C.I."	"97.5% C.I."	"P-value"	"Test"	"metric"	"Num_samples"	"R2"
"(Intercept)"	0.52991539154231	-0.662748250196329	1.72257903328095	0.376438623097755	"Linear regression"	"Beta coefficient"	57	0.000534926541938319
"Sex"	-0.378329932912472	-1.03906196693539	0.282402101110445	0.255579979254533	"Linear regression"	"Beta coefficient"	57	0.000534926541938319
"SCZ_PRS"	-0.055116419046423	-0.353342938171381	0.243110100078535	0.712049639750335	"Linear regression"	"Beta coefficient"	57	0.000534926541938319
"Rare_Deleterious_SNVs"	-0.271355745669038	-0.596868276986116	0.0541567856480403	0.10029939413297	"Linear regression"	"Beta coefficient"	57	0.000534926541938319
"`Genes DEL`"	-0.0311774530650108	-0.296007671194055	0.233652765064034	0.814041772458177	"Linear regression"	"Beta coefficient"	57	0.000534926541938319
"`Genes DUP`"	0.163259296075399	-0.0830867675202039	0.409605359671002	0.189187768119697	"Linear regression"	"Beta coefficient"	57	0.000534926541938319
"`STRs exonic`"	-0.0275017076154963	-0.328252530431919	0.273249115200926	0.855015434403051	"Linear regression"	"Beta coefficient"	57	0.000534926541938319
