"Variable"	"Log Odds Ratio"	"2.5% C.I."	"97.5% C.I."	"P-value"	"Test"	"metric"	"Num_samples"	"R2"
"(Intercept)"	0.540450639786193	-0.693614045345429	1.77451532491782	0.383265049488901	"Linear regression"	"Beta coefficient"	57	-0.0694900694177942
"Sex"	-0.376298459894681	-1.05919279126965	0.306595871480283	0.273683117260362	"Linear regression"	"Beta coefficient"	57	-0.0694900694177942
"SCZ_PRS"	0.0476564205007385	-0.217169867451276	0.312482708452753	0.719288051642193	"Linear regression"	"Beta coefficient"	57	-0.0694900694177942
"Rare_Deleterious_SNVs_LOEUF"	0.00573953259065375	-0.273923024573239	0.285402089754547	0.967283253096758	"Linear regression"	"Beta coefficient"	57	-0.0694900694177942
"`DELs LOEUF<0.35`"	0.028598082877887	-0.252426849210129	0.309623014965903	0.838872219465619	"Linear regression"	"Beta coefficient"	57	-0.0694900694177942
"`DUPs LOEUF<0.35`"	0.101461213715848	-0.154868881868692	0.357791309300388	0.430352303176735	"Linear regression"	"Beta coefficient"	57	-0.0694900694177942
"`STRs exonic LOEUF<0.35`"	-0.0772246499261385	-0.364903851941056	0.210454552088779	0.5921570064118	"Linear regression"	"Beta coefficient"	57	-0.0694900694177942
