"Variable"	"Log Odds Ratio"	"2.5% C.I."	"97.5% C.I."	"P-value"	"Test"	"metric"	"Num_samples"	"R2"
"(Intercept)"	0.120433264187183	-1.08761033449396	1.32847686286833	0.833770274053788	"Linear regression"	"Beta coefficient"	21	-0.0392433603221993
"Sex"	-0.194223136276441	-1.53602382913961	1.14757755658672	0.760789549939938	"Linear regression"	"Beta coefficient"	21	-0.0392433603221993
"SCZ_PRS"	0.405602941402367	-0.21058585201885	1.02179173482358	0.17984935610021	"Linear regression"	"Beta coefficient"	21	-0.0392433603221993
"Rare_Deleterious_SNVs"	0.124089254761033	-0.492859914872348	0.741038424394413	0.672754504722249	"Linear regression"	"Beta coefficient"	21	-0.0392433603221993
"`Genes DEL`"	0.301087336166459	-0.19449001234479	0.796664684677707	0.213578563484745	"Linear regression"	"Beta coefficient"	21	-0.0392433603221993
"`Genes DUP`"	-0.348045013482365	-0.868599692968117	0.172509666003386	0.173525661316718	"Linear regression"	"Beta coefficient"	21	-0.0392433603221993
"`STRs exonic`"	0.24223426586178	-0.335885133676314	0.820353665399875	0.384022408180547	"Linear regression"	"Beta coefficient"	21	-0.0392433603221993
