"Variable"	"Log Odds Ratio"	"2.5% C.I."	"97.5% C.I."	"P-value"	"Test"	"metric"	"Num_samples"	"R2"
"(Intercept)"	-0.138189846591452	-0.286455828179289	0.010076134996386	0.0677056502418919	"Linear regression"	"Beta coefficient"	1179	0.00325699647737618
"Sex"	0.160617776753678	-0.000158495404804282	0.32139404891216	0.0502259088962734	"Linear regression"	"Beta coefficient"	1179	0.00325699647737618
"`DELs LOEUF<0.35`"	0.00365499956466644	-0.0536405415987958	0.0609505407281287	0.900419130856116	"Linear regression"	"Beta coefficient"	1179	0.00325699647737618
