"Variable"	"Log Odds Ratio"	"2.5% C.I."	"97.5% C.I."	"P-value"	"Test"	"metric"	"Num_samples"	"R2"
"(Intercept)"	-0.157370759473508	-1.29517935123552	0.980437832288503	0.77109192527478	"Linear regression"	"Beta coefficient"	21	-0.0629987608404772
"Sex"	0.127056192007927	-1.1367329282181	1.39084531223395	0.83238752026298	"Linear regression"	"Beta coefficient"	21	-0.0629987608404772
"SCZ_PRS"	-0.00178039471218064	-0.582144302163485	0.578583512739124	0.994843108363461	"Linear regression"	"Beta coefficient"	21	-0.0629987608404772
"Rare_Deleterious_SNVs"	-0.459262414946424	-1.04034249074473	0.121817660851881	0.112162707557742	"Linear regression"	"Beta coefficient"	21	-0.0629987608404772
"`Genes DEL`"	-0.184267899939684	-0.651032647200734	0.282496847321366	0.411395953704993	"Linear regression"	"Beta coefficient"	21	-0.0629987608404772
"`Genes DUP`"	0.0924355964900886	-0.39785431311866	0.582725506098838	0.692056362785655	"Linear regression"	"Beta coefficient"	21	-0.0629987608404772
"`STRs exonic`"	-0.252393128232343	-0.796900975943191	0.292114719478505	0.33701684169593	"Linear regression"	"Beta coefficient"	21	-0.0629987608404772
