"Variable"	"Log Odds Ratio"	"2.5% C.I."	"97.5% C.I."	"P-value"	"Test"	"metric"	"Num_samples"	"R2"
"(Intercept)"	-0.791759237446852	-1.83266752376991	0.249149048876208	0.134272857183962	"Linear regression"	"Beta coefficient"	98	0.0720724326795239
"Sex"	0.459092033968038	-0.0960528726778344	1.01423694061391	0.103898730284754	"Linear regression"	"Beta coefficient"	98	0.0720724326795239
"SCZ_PRS"	0.00521971749724781	-0.239206255695313	0.249645690689809	0.966257545712262	"Linear regression"	"Beta coefficient"	98	0.0720724326795239
"Rare_Deleterious_SNVs"	0.191818853428845	-0.042320016709194	0.425957723566883	0.107121756070608	"Linear regression"	"Beta coefficient"	98	0.0720724326795239
"`Genes DEL`"	0.103285828048065	-0.220270780436747	0.426842436532877	0.527611631583567	"Linear regression"	"Beta coefficient"	98	0.0720724326795239
"`Genes DUP`"	0.00697628248176343	-0.166383213713943	0.18033577867747	0.9364643125599	"Linear regression"	"Beta coefficient"	98	0.0720724326795239
"`STRs exonic`"	-0.0736948787134861	-0.306270449704468	0.158880692277496	0.530656475689404	"Linear regression"	"Beta coefficient"	98	0.0720724326795239
