"Variable"	"Log Odds Ratio"	"2.5% C.I."	"97.5% C.I."	"P-value"	"Test"	"metric"	"Num_samples"	"R2"
"(Intercept)"	0.18972286178699	-0.865895646133554	1.24534136970753	0.719626428308606	"Linear regression"	"Beta coefficient"	57	0.111324070995506
"Sex"	-0.183780377422342	-0.76858982367477	0.401029068830086	0.530782567833554	"Linear regression"	"Beta coefficient"	57	0.111324070995506
"SCZ_PRS"	0.00160828394479808	-0.262349987376442	0.265566555266038	0.990284397343002	"Linear regression"	"Beta coefficient"	57	0.111324070995506
"Rare_Deleterious_SNVs"	0.0319422585008343	-0.256166677324069	0.320051194325738	0.824686857637433	"Linear regression"	"Beta coefficient"	57	0.111324070995506
"`Genes DEL`"	-0.0266779322028123	-0.261077363802922	0.207721499397298	0.820110602740299	"Linear regression"	"Beta coefficient"	57	0.111324070995506
"`Genes DUP`"	0.205470225018678	-0.0125690066508631	0.423509456688219	0.0641836522313096	"Linear regression"	"Beta coefficient"	57	0.111324070995506
"`STRs exonic`"	-0.199826393947129	-0.466018909361228	0.0663661214669695	0.137900609791341	"Linear regression"	"Beta coefficient"	57	0.111324070995506
