"Variable"	"Log Odds Ratio"	"2.5% C.I."	"97.5% C.I."	"P-value"	"Test"	"metric"	"Num_samples"	"R2"
"(Intercept)"	0.0282279875368704	-1.27884182255425	1.33529779762799	0.964050319532663	"Linear regression"	"Beta coefficient"	20	-0.14278084066809
"Sex"	0.0421891743572435	-1.55897379837529	1.64335214708978	0.956146862545572	"Linear regression"	"Beta coefficient"	20	-0.14278084066809
"SCZ_PRS"	0.196421642137231	-0.374513492077333	0.767356776351794	0.476346816431946	"Linear regression"	"Beta coefficient"	20	-0.14278084066809
"All_rare_del_var"	0.0156458858711823	-0.686269948090617	0.717561719832981	0.962896190691879	"Linear regression"	"Beta coefficient"	20	-0.14278084066809
