"Variable"	"Log Odds Ratio"	"2.5% C.I."	"97.5% C.I."	"P-value"	"Test"	"metric"	"Num_samples"	"R2"
"(Intercept)"	0.373961397198237	-1.36546930367233	2.1133920980688	0.647875340797595	"Linear regression"	"Beta coefficient"	19	-0.268670183545085
"Sex"	-0.412020106998612	-2.35313947920402	1.5290992652068	0.652015714287401	"Linear regression"	"Beta coefficient"	19	-0.268670183545085
"SCZ_PRS"	-0.0429632417140439	-0.773637548041587	0.687711064613499	0.900181550586643	"Linear regression"	"Beta coefficient"	19	-0.268670183545085
"Rare_Deleterious_SNVs"	-0.288685043655135	-1.11852083296108	0.541150745650809	0.463095117805601	"Linear regression"	"Beta coefficient"	19	-0.268670183545085
"`Genes DEL`"	-0.278174859837136	-0.897694722897886	0.341345003223614	0.347226084673157	"Linear regression"	"Beta coefficient"	19	-0.268670183545085
"`Genes DUP`"	0.904707339669863	-1.30222052904	3.11163520837972	0.389321071764905	"Linear regression"	"Beta coefficient"	19	-0.268670183545085
"`STRs exonic`"	0.122406275890333	-0.618319246990583	0.863131798771249	0.72506493674977	"Linear regression"	"Beta coefficient"	19	-0.268670183545085
