"Variable"	"Log Odds Ratio"	"2.5% C.I."	"97.5% C.I."	"P-value"	"Test"	"metric"	"Num_samples"	"R2"
"(Intercept)"	-0.288588767891585	-0.849553332015244	0.272375796232074	0.254857092681794	"Linear regression"	"Beta coefficient"	12	0.820109153548664
"Sex"	-0.364870593686716	-1.61721124361725	0.88747005624382	0.5026720293791	"Linear regression"	"Beta coefficient"	12	0.820109153548664
"SCZ_PRS"	0.0885515783014035	-0.75718014214416	0.934283298746967	0.806353016603112	"Linear regression"	"Beta coefficient"	12	0.820109153548664
"Rare_Deleterious_SNVs"	-0.39527808190211	-0.881612969888983	0.0910568060847636	0.0938752853117725	"Linear regression"	"Beta coefficient"	12	0.820109153548664
"`Genes DEL`"	-0.876517028350254	-1.58475654443081	-0.168277512269702	0.0231485623730774	"Linear regression"	"Beta coefficient"	12	0.820109153548664
"`Genes DUP`"	-0.968624283852338	-1.73573361246892	-0.201514955235752	0.0213960274844508	"Linear regression"	"Beta coefficient"	12	0.820109153548664
