"Variable"	"Log Odds Ratio"	"2.5% C.I."	"97.5% C.I."	"P-value"	"Test"	"metric"	"Num_samples"	"R2"
"(Intercept)"	-0.579499264968371	-1.75457377267808	0.595575242741339	0.318255516197097	"Linear regression"	"Beta coefficient"	26	0.0301096981900483
"Sex"	0.251113254352431	-0.448779068111515	0.951005576816378	0.465472702799821	"Linear regression"	"Beta coefficient"	26	0.0301096981900483
"`DELs LOEUF<0.35`"	-0.0642264024942114	-0.784971489456617	0.656518684468194	0.85536211320847	"Linear regression"	"Beta coefficient"	26	0.0301096981900483
