"Variable"	"Log Odds Ratio"	"2.5% C.I."	"97.5% C.I."	"P-value"	"Test"	"metric"	"Num_samples"	"R2"
"(Intercept)"	-0.64486847174333	-1.57986446700895	0.290127523522293	0.142449141671859	"Linear regression"	"Beta coefficient"	12	-0.334088648657616
"Sex"	0.274128321901845	-1.89706006145253	2.44531670525622	0.76781322832644	"Linear regression"	"Beta coefficient"	12	-0.334088648657616
"SCZ_PRS"	0.448596986849539	-1.02097295834	1.91816693203908	0.483332889118505	"Linear regression"	"Beta coefficient"	12	-0.334088648657616
"Rare_Deleterious_SNVs_LOEUF"	-0.257248916752458	-1.03612350287466	0.521625669369739	0.449837670725476	"Linear regression"	"Beta coefficient"	12	-0.334088648657616
"`DELs LOEUF<0.35`"	0.0894600548690358	-0.679999787104272	0.858919896842343	0.785601068994825	"Linear regression"	"Beta coefficient"	12	-0.334088648657616
"`DUPs LOEUF<0.35`"	0.319389489014386	-0.706640048206921	1.34541902623569	0.475108388944059	"Linear regression"	"Beta coefficient"	12	-0.334088648657616
