"Variable"	"Log Odds Ratio"	"2.5% C.I."	"97.5% C.I."	"P-value"	"Test"	"metric"	"Num_samples"	"R2"
"(Intercept)"	-0.0196246961565913	-0.743593186123458	0.704343793810276	0.957078637442033	"Linear regression"	"Beta coefficient"	78	7.25060167118298e-06
"Sex"	-0.00221776258429102	-0.443501884564395	0.439066359395813	0.992038526382072	"Linear regression"	"Beta coefficient"	78	7.25060167118298e-06
"Rare_Deleterious_SNVs"	-0.00238925223321051	-0.221415119244319	0.216636614777898	0.982720307184975	"Linear regression"	"Beta coefficient"	78	7.25060167118298e-06
