"Variable"	"Log Odds Ratio"	"2.5% C.I."	"97.5% C.I."	"P-value"	"Test"	"metric"	"Num_samples"	"R2"
"(Intercept)"	0.193029174133606	-1.52015394329402	1.90621229156124	0.814940554884961	"Linear regression"	"Beta coefficient"	21	0.331178280589005
"Sex"	-0.074217410104465	-1.09628896759008	0.947854147381147	0.880041534024238	"Linear regression"	"Beta coefficient"	21	0.331178280589005
"SCZ_PRS"	0.0503782499903922	-0.534285809017815	0.635042308998599	0.857893912202387	"Linear regression"	"Beta coefficient"	21	0.331178280589005
"All_rare_del_var"	-0.686156666201258	-1.20143050468059	-0.170882827721921	0.0120616357217564	"Linear regression"	"Beta coefficient"	21	0.331178280589005
