"Variable"	"Log Odds Ratio"	"2.5% C.I."	"97.5% C.I."	"P-value"	"Test"	"metric"	"Num_samples"	"R2"
"(Intercept)"	0.00690864693081923	-0.725236051464887	0.739053345326525	0.985052305251611	"Linear regression"	"Beta coefficient"	78	0.00498893144210253
"Sex"	-0.022274497971369	-0.468542305025684	0.423993309082946	0.921060970886356	"Linear regression"	"Beta coefficient"	78	0.00498893144210253
"Rare_Deleterious_SNVs"	0.0663038694782985	-0.155195587426304	0.287803326382901	0.55275853232411	"Linear regression"	"Beta coefficient"	78	0.00498893144210253
