"Variable"	"Log Odds Ratio"	"2.5% C.I."	"97.5% C.I."	"P-value"	"Test"	"metric"	"Num_samples"	"R2"
"(Intercept)"	0.0327798762154117	-0.716542547622743	0.782102300053567	0.93078728198061	"Linear regression"	"Beta coefficient"	78	0.00439095935516394
"Sex"	0.0122629178666445	-0.448627698655204	0.473153534388493	0.957869754229847	"Linear regression"	"Beta coefficient"	78	0.00439095935516394
"SCZ_PRS"	-0.0662837545677081	-0.305074845578299	0.172507336442883	0.581929324331181	"Linear regression"	"Beta coefficient"	78	0.00439095935516394
