"Variable"	"Log Odds Ratio"	"2.5% C.I."	"97.5% C.I."	"P-value"	"Test"	"metric"	"model"	"Num_samples"	"R2"
"(Intercept)"	0.618686989153027	-0.262817824760523	1.58234195392064	0.183127776342469	"Logistic regression"	"Log odds ratio"	"model2"	77	0.208615162706956
"Sex"	-0.183219640369289	-1.25522913129832	0.8717111809162	0.73348905868042	"Logistic regression"	"Log odds ratio"	"model2"	77	0.208615162706956
"SCZ_PRS"	-0.0731955731502172	-0.609892209275414	0.457829657954667	0.785843328974938	"Logistic regression"	"Log odds ratio"	"model2"	77	0.208615162706956
"Rare_Deleterious_SNVs"	-0.457724165446165	-1.02604205228654	0.0586840974309454	0.0938133306278908	"Logistic regression"	"Log odds ratio"	"model2"	77	0.208615162706956
"genes_del"	0.245806541742522	-0.265814107935144	1.22780794876478	0.466480009459676	"Logistic regression"	"Log odds ratio"	"model2"	77	0.208615162706956
"genes_dup"	1.15931348962261	0.27171710595858	2.47370127824732	0.0424079578021262	"Logistic regression"	"Log odds ratio"	"model2"	77	0.208615162706956
"STRs_exonic"	0.03232427473079	-0.524265407258698	0.595801350084692	0.908901217013556	"Logistic regression"	"Log odds ratio"	"model2"	77	0.208615162706956
