"Variable"	"Log Odds Ratio"	"2.5% C.I."	"97.5% C.I."	"P-value"	"Test"	"metric"	"model"	"Num_samples"	"R2"
"(Intercept)"	0.154570210090646	-0.696947932570661	1.02540266126063	0.721471737669644	"Logistic regression"	"Log odds ratio"	"model2"	74	0.11840396331018
"Sex"	0.214906831622236	-0.825069549753266	1.25040427621815	0.682442599211489	"Logistic regression"	"Log odds ratio"	"model2"	74	0.11840396331018
"SCZ_PRS"	0.0191674488031191	-0.524772293502541	0.565477915660631	0.944384104348182	"Logistic regression"	"Log odds ratio"	"model2"	74	0.11840396331018
"Rare_Deleterious_SNVs"	0.307927182438135	-0.241791401633793	0.905950614406115	0.285773189339758	"Logistic regression"	"Log odds ratio"	"model2"	74	0.11840396331018
"genes_del"	0.175691907470699	-0.272126412050765	0.750706893121148	0.44899236693371	"Logistic regression"	"Log odds ratio"	"model2"	74	0.11840396331018
"genes_dup"	0.22448797202863	-0.215214688256413	0.767077564123826	0.347015322588032	"Logistic regression"	"Log odds ratio"	"model2"	74	0.11840396331018
"STRs_exonic"	0.540277866364088	-0.0370454332319996	1.16627814189058	0.0753914485742449	"Logistic regression"	"Log odds ratio"	"model2"	74	0.11840396331018
