"Variable"	"Log Odds Ratio"	"2.5% C.I."	"97.5% C.I."	"P-value"	"Test"	"metric"	"model"	"Num_samples"	"R2"
"(Intercept)"	-0.282284129437551	-1.23637109730063	0.646764625000854	0.550991724438838	"Logistic regression"	"Log odds ratio"	"model3"	68	0.155143930810519
"Sex"	0.260163679860038	-0.862319783843443	1.40728056491814	0.650160383984062	"Logistic regression"	"Log odds ratio"	"model3"	68	0.155143930810519
"SCZ_PRS"	0.717995301888595	0.129578972301744	1.39024043143221	0.0235603551148969	"Logistic regression"	"Log odds ratio"	"model3"	68	0.155143930810519
"Rare_Deleterious_SNVs_LOEUF"	-0.152147028843865	-0.741697866862512	0.410150786910743	0.599738790897572	"Logistic regression"	"Log odds ratio"	"model3"	68	0.155143930810519
"dels_loeuf"	0.0810431718220444	-0.412516998015434	0.586852369936752	0.724899407526598	"Logistic regression"	"Log odds ratio"	"model3"	68	0.155143930810519
"dups_loeuf"	0.0622010071089376	-0.399907307760093	0.574316449963907	0.795477602214996	"Logistic regression"	"Log odds ratio"	"model3"	68	0.155143930810519
"STRs_exonic_LOEUF035"	0.19339164530639	-0.354715712204771	0.759695324594176	0.491511580086257	"Logistic regression"	"Log odds ratio"	"model3"	68	0.155143930810519
