"Variable"	"Log Odds Ratio"	"2.5% C.I."	"97.5% C.I."	"P-value"	"Test"	"metric"	"model"	"Num_samples"	"R2"
"(Intercept)"	-0.822332149966138	-1.94244771163968	0.173053848465865	0.119940259599461	"Logistic regression"	"Log odds ratio"	"model3"	50	0.144498645465304
"Sex"	0.807026891811607	-0.446252036908941	2.16004311314621	0.218561397883421	"Logistic regression"	"Log odds ratio"	"model3"	50	0.144498645465304
"SCZ_PRS"	0.348997937617282	-0.32086205464085	1.08517613385026	0.321276381656646	"Logistic regression"	"Log odds ratio"	"model3"	50	0.144498645465304
"Rare_Deleterious_SNVs_LOEUF"	-0.164050670828493	-0.888980364617583	0.54183420554459	0.647233669253036	"Logistic regression"	"Log odds ratio"	"model3"	50	0.144498645465304
"dels_loeuf"	0.115428542528559	-0.380198264914139	0.68242578712418	0.633043593331153	"Logistic regression"	"Log odds ratio"	"model3"	50	0.144498645465304
"dups_loeuf"	-0.315496844904942	-0.902302970140027	0.175438816119684	0.226761718187739	"Logistic regression"	"Log odds ratio"	"model3"	50	0.144498645465304
"STRs_exonic_LOEUF035"	0.462018121513161	-0.219634209361395	1.21605117655834	0.198997585019981	"Logistic regression"	"Log odds ratio"	"model3"	50	0.144498645465304
