"Variable"	"Log Odds Ratio"	"2.5% C.I."	"97.5% C.I."	"P-value"	"Test"	"metric"	"model"	"Num_samples"	"R2"
"(Intercept)"	0.0113835152516753	-0.826241765442267	0.848908112939699	0.978483070572085	"Logistic regression"	"Log odds ratio"	"model2"	76	0.172741885671985
"Sex"	-0.429138120679822	-1.48799626621854	0.605754162612192	0.41797319854727	"Logistic regression"	"Log odds ratio"	"model2"	76	0.172741885671985
"SCZ_PRS"	0.422062785169733	-0.142960260203837	1.02731230448904	0.15295374093725	"Logistic regression"	"Log odds ratio"	"model2"	76	0.172741885671985
"Rare_Deleterious_SNVs"	0.672620733813872	0.143190147962735	1.28682361684628	0.0193812039533792	"Logistic regression"	"Log odds ratio"	"model2"	76	0.172741885671985
"genes_del"	0.407603869466823	-0.0593416449735095	1.11796628767439	0.122771060852428	"Logistic regression"	"Log odds ratio"	"model2"	76	0.172741885671985
"genes_dup"	0.298713450948371	-0.138882009101291	0.798595954176909	0.190898681101929	"Logistic regression"	"Log odds ratio"	"model2"	76	0.172741885671985
"STRs_exonic"	0.0478755236028661	-0.519458112292848	0.618234366650635	0.867447138582716	"Logistic regression"	"Log odds ratio"	"model2"	76	0.172741885671985
