"Variable"	"Log Odds Ratio"	"2.5% C.I."	"97.5% C.I."	"P-value"	"Test"	"metric"	"model"	"Num_samples"	"R2"
"(Intercept)"	0.528695113873379	-0.294728590182169	1.40277886749292	0.216119941307169	"Logistic regression"	"Log odds ratio"	"model3"	77	0.144499518373424
"Sex"	-0.163137607957629	-1.20294676269974	0.86011022375008	0.754666460519525	"Logistic regression"	"Log odds ratio"	"model3"	77	0.144499518373424
"SCZ_PRS"	-0.0472199567076252	-0.579509426248727	0.479300470596599	0.85968748045832	"Logistic regression"	"Log odds ratio"	"model3"	77	0.144499518373424
"Rare_Deleterious_SNVs_LOEUF"	-0.398855004187859	-0.959915530189227	0.115503689814374	0.140914856860022	"Logistic regression"	"Log odds ratio"	"model3"	77	0.144499518373424
"dels_loeuf"	0.215773195559191	-0.260717317844714	0.979488465115627	0.435678577229254	"Logistic regression"	"Log odds ratio"	"model3"	77	0.144499518373424
"dups_loeuf"	0.637398275152897	0.0585653475396996	1.39430769470553	0.0582088492398984	"Logistic regression"	"Log odds ratio"	"model3"	77	0.144499518373424
"STRs_exonic_LOEUF035"	0.139390615960431	-0.356905315593013	0.650424966630965	0.58368536765394	"Logistic regression"	"Log odds ratio"	"model3"	77	0.144499518373424
