"Variable"	"Log Odds Ratio"	"2.5% C.I."	"97.5% C.I."	"P-value"	"Test"	"metric"	"model"	"Num_samples"	"R2"
"(Intercept)"	0.394930798342823	-0.46100388014148	1.29433223934451	0.370646002728233	"Logistic regression"	"Log odds ratio"	"model3"	71	0.106863114874453
"Sex"	-0.193005480671034	-1.24630017791081	0.843974047176585	0.715273943448638	"Logistic regression"	"Log odds ratio"	"model3"	71	0.106863114874453
"SCZ_PRS"	-0.124411703607822	-0.691156979961405	0.427751436357302	0.659002348206938	"Logistic regression"	"Log odds ratio"	"model3"	71	0.106863114874453
"Rare_Deleterious_SNVs_LOEUF"	-0.276300160554993	-0.845816521821659	0.259782795871555	0.320650338651886	"Logistic regression"	"Log odds ratio"	"model3"	71	0.106863114874453
"dels_loeuf"	0.465732826076546	-0.15727193934677	1.77596729030258	0.320167492671751	"Logistic regression"	"Log odds ratio"	"model3"	71	0.106863114874453
"dups_loeuf"	0.254943714015614	-0.217671471243422	0.812584429866385	0.320117228241956	"Logistic regression"	"Log odds ratio"	"model3"	71	0.106863114874453
"STRs_exonic_LOEUF035"	-0.205618237762175	-0.744368014103392	0.316039140676572	0.442503544345562	"Logistic regression"	"Log odds ratio"	"model3"	71	0.106863114874453
