"Variable"	"Log Odds Ratio"	"2.5% C.I."	"97.5% C.I."	"P-value"	"Test"	"metric"	"model"	"Num_samples"	"R2"
"(Intercept)"	-0.272498676116669	-1.24778383367976	0.669533241185589	0.57209852300849	"Logistic regression"	"Log odds ratio"	"model2"	68	0.19420797442134
"Sex"	0.208452461012739	-0.929000820191974	1.36971712717108	0.719718181714434	"Logistic regression"	"Log odds ratio"	"model2"	68	0.19420797442134
"SCZ_PRS"	0.701317312473148	0.11226957236429	1.36952046925924	0.0266165915292431	"Logistic regression"	"Log odds ratio"	"model2"	68	0.19420797442134
"Rare_Deleterious_SNVs"	-0.207094708572574	-0.829769009328147	0.369505550732708	0.492594723542947	"Logistic regression"	"Log odds ratio"	"model2"	68	0.19420797442134
"genes_del"	0.191822789116726	-0.258182570426028	0.773142466695793	0.415278655883223	"Logistic regression"	"Log odds ratio"	"model2"	68	0.19420797442134
"genes_dup"	0.215284090251724	-0.247409708605948	0.789619264620368	0.388424047253129	"Logistic regression"	"Log odds ratio"	"model2"	68	0.19420797442134
"STRs_exonic"	0.392117571806503	-0.221781922409604	1.0509014214168	0.221447359214235	"Logistic regression"	"Log odds ratio"	"model2"	68	0.19420797442134
