"Variable"	"Log Odds Ratio"	"2.5% C.I."	"97.5% C.I."	"P-value"	"Test"	"metric"	"model"	"Num_samples"	"R2"
"(Intercept)"	0.167181613820242	-0.718305904014107	1.07365152090379	0.710705505206239	"Logistic regression"	"Log odds ratio"	"model3"	74	0.186264656356383
"Sex"	0.218127583140635	-0.860497017103848	1.3002793497505	0.689647512513139	"Logistic regression"	"Log odds ratio"	"model3"	74	0.186264656356383
"SCZ_PRS"	-0.0683879970547401	-0.628512598260104	0.486897412949322	0.807845943899632	"Logistic regression"	"Log odds ratio"	"model3"	74	0.186264656356383
"Rare_Deleterious_SNVs_LOEUF"	0.00337891101063148	-0.54287010171913	0.552141892108243	0.990229381888491	"Logistic regression"	"Log odds ratio"	"model3"	74	0.186264656356383
"dels_loeuf"	0.225570087674408	-0.242323648963715	0.863730194612361	0.366980041512332	"Logistic regression"	"Log odds ratio"	"model3"	74	0.186264656356383
"dups_loeuf"	0.0371071091425199	-0.429943882989146	0.587085145226856	0.883041919367205	"Logistic regression"	"Log odds ratio"	"model3"	74	0.186264656356383
"STRs_exonic_LOEUF035"	0.868456556314017	0.3193848215823	1.49244329193582	0.00335103132956017	"Logistic regression"	"Log odds ratio"	"model3"	74	0.186264656356383
