"Variable"	"Log Odds Ratio"	"2.5% C.I."	"97.5% C.I."	"P-value"	"Test"	"metric"	"model"	"Num_samples"	"R2"
"(Intercept)"	0.4444266964405	-0.397121272479497	1.340823987169	0.309081832061565	"Logistic regression"	"Log odds ratio"	"model2"	71	0.0940331902913248
"Sex"	-0.164652852840512	-1.22019858563193	0.874279293787633	0.756046962222096	"Logistic regression"	"Log odds ratio"	"model2"	71	0.0940331902913248
"SCZ_PRS"	-0.0652443190550146	-0.621958938889399	0.485624677281591	0.81513928477356	"Logistic regression"	"Log odds ratio"	"model2"	71	0.0940331902913248
"Rare_Deleterious_SNVs"	0.0460654715999046	-0.511906377761027	0.625878105664535	0.871971900460426	"Logistic regression"	"Log odds ratio"	"model2"	71	0.0940331902913248
"genes_del"	0.859397478817352	-0.00942790032947936	2.49398305646135	0.217273745874512	"Logistic regression"	"Log odds ratio"	"model2"	71	0.0940331902913248
"genes_dup"	0.207352193113047	-0.238649199673893	0.764789618968343	0.392941378674942	"Logistic regression"	"Log odds ratio"	"model2"	71	0.0940331902913248
"STRs_exonic"	-0.0469841200791386	-0.629527791615344	0.534931688889779	0.872956430642302	"Logistic regression"	"Log odds ratio"	"model2"	71	0.0940331902913248
