"Variable"	"Log Odds Ratio"	"2.5% C.I."	"97.5% C.I."	"P-value"	"Test"	"metric"	"model"	"Num_samples"	"R2"
"(Intercept)"	0.00624890777322212	-0.839405005342642	0.859039392377194	0.988338483656475	"Logistic regression"	"Log odds ratio"	"model3"	76	0.152882137988086
"Sex"	-0.395394648515974	-1.42957630237073	0.62536735932789	0.447214735953451	"Logistic regression"	"Log odds ratio"	"model3"	76	0.152882137988086
"SCZ_PRS"	0.39027980134107	-0.152343345715194	0.965025265415584	0.166152465552192	"Logistic regression"	"Log odds ratio"	"model3"	76	0.152882137988086
"Rare_Deleterious_SNVs_LOEUF"	0.557081220167647	0.0372276130994265	1.13307746938045	0.0437308805794548	"Logistic regression"	"Log odds ratio"	"model3"	76	0.152882137988086
"dels_loeuf"	0.822624171795634	0.104078591301481	2.13693893052187	0.139653170291197	"Logistic regression"	"Log odds ratio"	"model3"	76	0.152882137988086
"dups_loeuf"	0.0541825574683593	-0.407299145974342	0.518792949985499	0.812774845577156	"Logistic regression"	"Log odds ratio"	"model3"	76	0.152882137988086
"STRs_exonic_LOEUF035"	-0.0689754624032481	-0.575226572692946	0.42763804972854	0.785521339805896	"Logistic regression"	"Log odds ratio"	"model3"	76	0.152882137988086
