"Variable"	"Log Odds Ratio"	"2.5% C.I."	"97.5% C.I."	"P-value"	"Test"	"metric"	"model"	"Num_samples"	"R2"
"(Intercept)"	-0.948656251575109	-2.08246878920617	0.0507617404264212	0.0764443654192385	"Logistic regression"	"Log odds ratio"	"model2"	50	0.11238551403008
"Sex"	0.955789252910862	-0.299869279241217	2.31242719819827	0.147071330475546	"Logistic regression"	"Log odds ratio"	"model2"	50	0.11238551403008
"SCZ_PRS"	0.329745148866558	-0.340053258905391	1.05300442513651	0.344808899682064	"Logistic regression"	"Log odds ratio"	"model2"	50	0.11238551403008
"Rare_Deleterious_SNVs"	-0.265229567876247	-1.02567675705073	0.412461979362586	0.460074088156189	"Logistic regression"	"Log odds ratio"	"model2"	50	0.11238551403008
"genes_del"	-0.017304056593012	-0.520300080018391	0.470359659522265	0.93969778611629	"Logistic regression"	"Log odds ratio"	"model2"	50	0.11238551403008
"genes_dup"	-0.262939131081629	-0.880333927626171	0.223295745514947	0.320780325893869	"Logistic regression"	"Log odds ratio"	"model2"	50	0.11238551403008
"STRs_exonic"	0.187414594533221	-0.517068609051552	0.922330596710993	0.603596566748111	"Logistic regression"	"Log odds ratio"	"model2"	50	0.11238551403008
